id;url;corrupt from;noisy;offset;non-english
1b9c139f491c41f5b0776eefd21c122d;o61rTPowBq0;0.0;False;0;False
8e63d5492ea94b40a50b0033a74ee3d8;Qci5ka9r54A;75.63;False;0;False
7b61fa464da54a48bc956a533ba94613;J3UjJ4wKLkg;10000000000.0;False;-0.7;False
50008b177f3c4c788a2a0d49d54f97ca;zPonioDYnoY;0.0;False;0;False
55c1801b6330461db26465dafd538bf7;2RoVwtqRcMM;10000000000.0;False;-3.8;False
b897dd4ce2154da3a128a60460d34ef9;YLHpvjrFpe0;10000000000.0;False;linear;False
98d2ea179ab348b790363a1e21a0cfee;5vmZtT713Oo;0.0;False;0;False
ce3558f4e01b4391ae106887962589d3;WGt-8adyabk;0.0;False;0;False
5eea90c128a34914911e94e616b8913f;AhcttcXcRYY;10000000000.0;False;0.6;False
aa6dc65f06de453081c89dc85588c178;AAZQaYKZMTI;0.0;False;0;False
f3a0b83fcc7b4ea3bb55b1edbf5a189f;41P8UxneDJE;10000000000.0;False;-0.5;False
10f18aeb828d4a0ab4592abdc45f539b;rp4UwPZfRis;10000000000.0;False;0.4;False
a851c0b72cbf427f87edfcd53524d1b8;IlV7RhT6zHs;10000000000.0;False;0.3;False
99456b487b11410f8228fb42d63af21b;5AhU12zC8fc;10000000000.0;False;linear;False
f8e138f65797453a9a6edd754c59ac65;6VZhSkREYBc;10000000000.0;False;linear;False
98ebf10ca57041a8871368ec6f98bf00;4vvBAONkYwI;10000000000.0;False;0.3;False
cc226a4299d74339a6fca1ec6a329303;Lecf_TE4uOM;0.0;False;0;False
5ca035dbd3c24573832eab4ba8ec6e39;bz6IdhgqPgE;0.0;False;0;False
843573b8c5d24e229cff82d7b38dd1bc;DeaAQPIHotQ;0.0;False;0;False
24bfcfc2287741e28bbecf498e01542f;RvuVFHTvdaY;10000000000.0;False;-0.6;False
bddb1d0dfc644be9b8a3c47174e189b3;GFB4rsAyUb4;0.0;False;0;False
0d0c3aa76809409e9afdbba8840c0974;R-R_u57gEUk;0.0;False;0;False
3eea0a8a992149c3947f0cdbd18d24fa;zDKO6XYXioc;10000000000.0;False;linear;False
bf4322856a3f4ce9b4721db5c5ce37fe;YxFerWkYYqY;0.0;False;0;False
aeaf841fceb84c5cade8147d37e6d808;_4VoZ6afztc;10000000000.0;False;-0.5;False
4058aa5a512d42cb931e37b87120dae5;eM213aMKTHg;10000000000.0;False;0.6;False
d566e0f3de3a4449ac95bed00d13c6c0;wD6Pq0bSMPo;10000000000.0;False;2.5;False
dad3dd9d0da1451b9dabe1e8fa31fadc;KfKIq1Pmc8Q;0.0;False;0;False
078126680b814bd88bcbe9855a63c5ed;eVTXPUF4Oz4;10000000000.0;False;0.6;False
7861bbf7b11645a2b1d4dda4c634cbac;3T2VizbQAwY;10000000000.0;False;linear;False
23c124a6dcad4f1bbf28f032e0055747;G2zxzaWgVRA;0.0;False;0;False
899ed10c5e1949139021dfa0848cc665;_NkRNg0TZOw;10000000000.0;False;linear;False
43484ea2fb214c62906ea1ee4f98b77f;uIbXvaE39wM;10000000000.0;False;-0.4;False
c1590a8c7c8343a9a08abaccc6f1cd8e;NRtvqT_wMeY;10000000000.0;False;0.3;False
16bd3bddd8d74819938853251a43396e;VcjzHMhBtf0;10000000000.0;False;-3.7;False
82a1167f3ee94faab28bb5f28c377457;1UUYjd2rjsE;10000000000.0;False;-0.6;False
1d9c9db93db742da8880132615e87037;4zKvXIbzSrw;70.76;False;0;False
3619a2e501594acea422c14a4b522f15;w6Q3mHyzn78;10000000000.0;False;-0.5;False
82485faae5a54cc58d0ba484d1b46374;f58HKOgGsHo;10000000000.0;False;linear;False
5ac883dc659045c78fbef3b1fd789643;VKYY8DxVZHE;10000000000.0;False;-0.6;False
085ee99e025d40659201adb53e076481;cLVxvQ3a2n8;0.0;False;0;False
df7b04250c24415bb49d74c47544a45e;7WFpwdblDlw;0.0;False;0;False
d9b4bed2740c4d629d5ed337d36c9896;dkQ0OJ5Byls;10000000000.0;False;0.5;False
f5aefa0e4d4b48a7bad8e3f36403bdbd;AJWtLf4-WWs;10000000000.0;False;0.3;False
bac3800744fd47e9bbdc4c3e252d34b2;crjGHQL23nM;10000000000.0;False;0;True
cbefaea9fd1a48b9bbcb18f706184b88;a70yJwgQtzo;10000000000.0;False;-0.6;False
7c374001fac847a582c88f486a0bc1cd;hTWKbfoikeg;10000000000.0;False;0.4;False
3e4a4b15d7d648e1a9fa74b6a13f1d56;HTzGMEfbnAw;10000000000.0;False;-0.5;False
24bb5550a6c045dcacee81d67f6b73b0;8N2k-gv6xNE;10000000000.0;False;-0.5;False
e318fa04acf94ae2a1985b766bd67641;vD-YPGTwnJI;10000000000.0;False;linear;False
d4294fe9b2314106a62a2a3635efbe45;gpyRI1j9t6c;10000000000.0;False;0.4;False
418466c83b25444ca7715734a45939cd;8q2WS6ahCnY;10000000000.0;False;-0.5;False
9ab28ef82e8b4874b432e545f9e64b2c;TGwZ7MNtBFU;10000000000.0;False;0.9;False
2e9ce195467e4041b9bb19aa37e9b79a;CvBfHwUxHIk;10000000000.0;False;0.5;False
6571ec1caffa49f1b7046e8a637563df;zkGfPrst29Y;10000000000.0;False;-0.6;False
6f0c29c6e4944d2e93044ad1e835c8a8;P25hBk8LmUM;10000000000.0;False;linear;False
f342990d4cfe4bbfb52eccfc5e91d8d3;8WEtxJ4-sh4;10000000000.0;False;0.3;False
ffef85420e914f96bad1420f75a9b105;DcHKOC64KnE;10000000000.0;False;0.6;False
20f4825270af4891962a0cd175f32327;LrjHz5hrupA;10000000000.0;False;linear;False
3378d2783f464fa49e5aca2b34f6f789;NHozn0YXAeE;10000000000.0;False;-0.6;False
080d7db5c3e84227bafc1773f545e18b;l6-JST83NM4;0.0;False;0;False
18c6f86a3ee94d25a5bd375681083878;AM_3uOU-prs;0.0;False;0;False
0739ac95db2a4ea38e59825f03d3df7f;1vrEljMfXYo;10000000000.0;False;linear;False
c4d8ef08aa9d465e99ebe72b176ddad5;0mQJTMKOgKc;10000000000.0;False;linear;False
8e4e6469c1bc43a88b5e546cafc18dbd;PXatLOWjr-k;10000000000.0;False;-8.6;False
8b8cf4e6daad47099e96e9e73075bc73;1uYWYWPc9HU;10000000000.0;False;1.0;False
b0f0b802bc3e482fbbfa35b388f2ad1b;l-EdCNjumvI;10000000000.0;False;-0.9;False
267de365cc3a4fd9ab69794dd1451bee;ZQ2nCGawrSY;10000000000.0;False;0.5;False
60851537ac6b4815873d09194e4aaac0;teoGKjmIKnQ;0.0;False;0;False
058d1893d89b4d9cb866946a05ca4d2b;FypNu5UEWVA;0.0;False;0;False
cbd84bc03c28484abca09bcd48868b03;oIFLtNYI3Ls;10000000000.0;False;0.8;False
16ae41adfb1e42edbae9c2b769efcedf;8BImIx2-Gvo;0.0;False;0;False
24f2ecc715ee43878df329184190ba3b;IpT-FW_G8-A;10000000000.0;False;-0.7;False
990ef9c076b14f74a63ef4912d65d008;6AvUgu4MhrY;0.0;False;0;False
8d01530a7c334e6dbbb708317e696f9c;XMaw837aBTA;0.0;False;0;False
c1ac350e2fcf4ae0ba0b4cbae9905e2c;SeEq2tlD6WY;10000000000.0;False;-0.5;False
777f663b3ef649e3bf7925935f08b77c;6EEW-9NDM5k;10000000000.0;True;0;False
aa68bd15ffff43ea9b81d9423ffd3066;0C3zgYW_FAM;10000000000.0;False;0.4;False
27a91cf475ac47a5abd6c296e07b9ace;37zAeB_x2EM;10000000000.0;False;0.7;False
e6c5d4fbde914d6a97b81dcde2ce5b92;76ley2v2s9w;0.0;False;0;False
892876b7ef924a9baac482caa00c674e;SaeLKhRnkhQ;10000000000.0;False;-0.5;False
badd3bfdf44945d8bce55943769042ea;3_0y3V6SFz4;210.0;False;linear;False
361a62af55104e368d364fa090d86a13;VkCg-3nxT8E;10000000000.0;False;-0.7;False
fff64f1669c34253928802a9ed246d2f;Q4SLCG6smiM;179.0;False;linear;False
7478e71ea20e41c79dca63a2042362f5;76ley2v2s9w;0.0;False;0;False
eccf6ed3637e4b9ab451275a7af10928;B1zCN0YhW1s;10000000000.0;False;0.8;False
9d8781497eb9488a8eb9936cf1bc7f7d;H-ru2glqXAg;10000000000.0;False;-0.8;False
76b3189ad2364279928176992c1702db;kZZmhbZJwng;0.0;False;0;False
24ac72b695b1454bb0412157132fb1ba;X2LTL8KgKv8;10000000000.0;False;-0.5;False
b921ccaf04014e388ce64e8145e069c9;RNOTF-znQyw;10000000000.0;False;linear;False
e3f6ea62412142db88501f06d5d22bfa;7p5PK3dmVQE;10000000000.0;False;linear;False
018f045bb1784602976a289705832d60;N4FoC-K534o;0.0;False;0;False
599ff88bb3cd492b9490942f486f0147;LOHBDJyV7Oo;0.0;False;0;False
939726a0aa8f4a10ad03c9e12c895b38;zoo9Vu1a9bU;10000000000.0;False;linear;False
3acfa7a1f0ea48088653a5ade183c6ab;byEGjLU2egA;10000000000.0;False;-0.6;False
3f2c5ea48ac64724a6d372439b54fd72;ac3HkriqdGQ;10000000000.0;False;-0.5;False
c368b4dcbad14fc3a6e2519a813f246d;wVyggTKDcOE;10000000000.0;False;-0.9;False
130ced8af6234fa5bd215de8665722b5;1twGKD-gkZw;0.0;False;0;False
42268b583202471681d7ecc7f72aa89c;WtS7PTKuuZc;10000000000.0;False;0.6;False
304488f4ccde488c9c454cb10a1a84c5;JIlg0yM0XKg;10000000000.0;False;0.4;False
e46b776ac93d42a69b210a8a9596ec9d;ymPu2PdLW3I;10000000000.0;False;-0.5;False
50dff9f9ec1a48a094a6dfcb4ce7ffc1;RUmdWdEgHgk;10000000000.0;False;0.6;False
6ff7cce17b5543b2b0c7af015ed24108;qJS3xnD7Mus;10000000000.0;False;-0.6;False
35e6844e42414269b09777b5cc8d8f96;mgaeGW-2z6w;10000000000.0;False;-0.6;False
6cda64d54c204b73bc571543ccc7a690;SNPb3pt4gnM;10000000000.0;False;0.3;False
e7056e220ccf49e385f357fcce7dbec4;Azx6F2fYPa0;10000000000.0;False;0.6;False
2998b41ef5d54f039def0b0b9b910f5c;rB7ONnfIjaI;10000000000.0;False;0.8;False
a82fe706ea27478d9d572553b7393860;yKNxeF4KMsY;10000000000.0;False;1.1;False
bce19fb042f140a1af25ba91ddb035b9;H_CCBLt_9rM;72.0;False;0;False
d039c20a8a1146ca813fcf8ea5a09490;rvp7PgWGQzA;87.0;False;0;False
d840c9c32da749d78b52f6f019b44ece;VRU2qs82DAg;10000000000.0;False;0.8;False
01ca76c8c8444a48ae787402f21ea114;l9ml3nyww80;10000000000.0;False;-1.2;False
426165e5feea4890bf6c731552468207;dXdUS1ObaCc;0.0;False;0;False
8bbe9c03e3c34b20a276fd7d3bec411e;VlMEGBsw6j8;10000000000.0;False;0.7;False
e3e6b4b35939469e9a8637c8984b80c1;edHnmuaLLDM;0.0;False;0;False
decf3fc10a7a4697acf4294cc1b25560;GsVcUzP_O_8;10000000000.0;False;-1.1;False
905f39ad15a247509d650392739defd8;Ixrje2rXLMA;0.0;False;0;False
b557e857be194388931ec6bd9851cb7f;1V4FLUOlMks;0.0;False;0;False
fcc34b82c7dc41b689c786a6782378b2;0n3cUPTKnl0;10000000000.0;False;0.3;False
b9a28a6d8cdb433098f5977426e53c3d;0yW7w8F2TVA;0.0;False;0;False
a2e48a84d9b54dca962805cf8aa165a2;PmccuamuSGc;150.3;False;0;False
e504cf3696764731808338edd7520131;5d7EbtLb8ok;10000000000.0;False;0.6;False
2cb872f25df64e72af2f1ac4f0fc1a2c;RNOTF-znQyw;10000000000.0;False;linear;False
c1fc50c90f514b6aa6ab7cbf57e179b9;v0CYB5V9e64;10000000000.0;False;-0.5;False
3aa8f2f5c6b047c898a918868665d7a2;GlZxZ2n2zpw;10000000000.0;False;-0.5;False
bb0a9b0ee78640fd8843d73cb236eb6e;hRpsA-UvJDg;0.0;False;0;False
7b65fd0fc57f44078d08a3790747ebd4;I5c2jBgCWxg;0.0;False;0;False
24200f75586340dc98d333a3e8659644;MbtajuiuLMU;10000000000.0;False;0.4;False
e021de36f8f74bee8d4a5cb3d835502e;RZZSOJonEMI;0.0;False;0;False
2f44e0b34cb04497b742feac36e2e438;o-0lAhnoDlU;10000000000.0;False;-0.5;False
e83330176ae047648dae45689bef2de3;DaBWlBknNgs;10000000000.0;False;-0.5;False
47895f2dad0f4075b79171a014b706b3;e0EaygJdxyc;0.0;False;0;False
826233ce756a49ad802e0ebd11e14634;O1-4u9W-bns;10000000000.0;False;1.2;False
10fee42189544e8cb7fbebd6eaa27ffc;RgpWp-QKISo;0.0;False;0;False
35a376573fa945f7b8939e240598b171;C-u5WLJ9Yk4;10000000000.0;False;0.4;False
b50a0c2a571f47c4a58eb9392d67efb3;1HnOFwqpLRQ;10000000000.0;False;0.5;False
09e084032ab94b5f9bb502aaf30cde09;AB4Kh9VkSb4;10000000000.0;False;-0.4;False
698e336bb6224870b6c2eff616f7e8c9;wADRRYNHhOA;10000000000.0;False;linear;False
ead703f650a045bfa15233c4e9d34b56;ijAYN9zVnwg;10000000000.0;False;linear;False
42c625f1ff2945318af82de3bda53fc9;EfK-WX2pa8c;10000000000.0;False;linear;False
2b334e10e348400888073833fec23971;7Kxx-s4X3CA;0.0;False;0;False
e316a7f6057b4465ab85731c124fe5eb;0DMrKkGnP6Y;0.0;False;0;False
e228fea597004d308346d903104121bf;1wYNFfgrXTI;10000000000.0;False;0.4;False
7f26e2cc942147569627847d6c4bf357;a-Lp2uC_1lg;10000000000.0;False;-0.5;False
7c217e727ae14ae3b25dffc786470fcd;L6-uJLteKek;10000000000.0;False;-1.2;False
ecc992711d8641e9b20bc7d5b432c427;bQRzrnH6_HY;0.0;False;0;False
98fb42246b19475ba8b4d21c81f65af0;bE3tErR06N4;223.0;False;0.3;False
d7d07317d1a546da8de8eb6a97520240;Lfph3043yZU;10000000000.0;False;-0.8;False
2c16608fa4034d23af04c0a881d109b7;2opaVONSaHQ;0.0;False;0;False
51fb79b4c68e408c818be0298cf57854;E1i34e0sDt8;10000000000.0;False;linear;False
1433c4d6e556458da2938249849c3c12;sdVLfcom5qM;0.0;False;0;False
b4ca87687af245a9a1012b1bc06f943d;Zzyfcys1aLM;10000000000.0;False;linear;False
1760d2553acc4a488e3ef241e7290d65;OAfxs0IDeMs;10000000000.0;False;-0.5;False
6842ffaa54c54d9e98afdab77a2055e9;Co6OHe4KaEc;0.0;False;0;False
7d5d6a35eff049bfa1e158d956b06bfb;2-eclUz-RYI;0.0;False;0;False
bad9c59bca32429ca7c058447042452a;WY_xwK87uO4;0.0;False;0;False
3d860b23bdf44e0e9b8954677fefbdfd;w3Eaw-86tpw;10000000000.0;False;0.3;False
3c1fac6f2f90429fbde9d084e9e51902;GGHnYD2y-44;10000000000.0;False;0.5;False
079d2b6002584742947822f02d88782b;BPNmc71b7iE;10000000000.0;True;0;False
3b113d03fdbf471b904b83eec921a60c;yG07WSu7Q9w;10000000000.0;False;2.4;False
851526c884fe45d0af1652e5ae85babb;diYAc7gB-0A;10000000000.0;False;0.3;False
45baae4cd48c46af9fd8bcc99deaf001;a4FaSx5ZSwE;10000000000.0;False;linear;False
3d5d3323f5a741eea997481fdf22eb01;mlfWy4bEjgo;118.5;False;-4.8;False
4ad0d5887fe242bb800d946f11d8988b;U9jINg6Upkw;0.0;False;0;False
317c6dd57cb446fe9461cd84e1187f12;yxmstD3R-bM;10000000000.0;False;0;True
78af83cf3f4d4ee1952a1eb961255dee;o67xW7wusq4;0.0;False;0;False
1db0e4e049d543588a176d8ce2750d30;XPpTgCho5ZA;10000000000.0;False;0.3;False
1667f7619d9d46fd934d3dc09bb08069;HO8J2cz7KHg;0.0;False;0;False
0e20f7ad493e45bf9c98477388413837;PIb6AZdTr-A;10000000000.0;False;0.4;False
561fa47384ba467f84d6d9bf8af84c50;Oe4Ic7fHWf8;10000000000.0;False;0.6;False
5f173b85cdb14de0b21b68a5fe7b129b;t5Sd5c4o9UM;10000000000.0;False;-1.1;False
4da8e85c245c42d9a3803c1f22e12f26;JRfuAukYTKg;10000000000.0;False;0;True
2269611d7ea445849d604a7303ebdb08;kZZmhbZJwng;10000000000.0;False;0;True
ab34e2cfe069444b83b6be02818e6e73;EkHTsc9PU2A;10000000000.0;False;0.7;False
343cf2e82c934d7093a71c0c1310eced;agrXgrAgQ0U;10000000000.0;False;0.5;False
5c0a326a0a7940f8b88bb92767ba86cb;ZJL4UGSbeFg;10000000000.0;False;-0.6;False
55dcff00691042a98c0bb1893231009d;sPYsMM1FvXs;10000000000.0;False;linear;False
3a0af778dd0a47a997779effc6399ea1;QYHxGBH6o4M;10000000000.0;False;0.4;False
311e535619494803b1a2093b9722d0d1;MSGiM5e-LAw;0.0;False;0;False
95b5f00482534fae834198a21e228d35;WHxF38jvOMQ;164.0;False;linear;False
2c38100be2cb4b5f99a123d622157b4c;pkcJEvMcnEg;10000000000.0;False;-0.5;False
8d145c17711c4350b463fddb55f509fd;opU1urLhw50;10000000000.0;False;-0.6;False
6262646565cd4cd5a8698fa2f68cb1da;MeW0Sl0tNS8;10000000000.0;False;0.7;False
8ada65cb2b1d4a3ab6426822626fd8c3;hSyYps8xJfs;0.0;False;0;False
2b15b78af6ea49428f97371ef760be06;ek2PDE1cAyY;10000000000.0;False;-0.5;False
e6a7cfeb336b4afc83471eab2caeef2b;ybYgP48X2DY;10000000000.0;False;0.5;False
10b2677abd6d4e879ac70d0d698d7b54;G9BIX9akkh4;0.0;False;0;False
bb590165c7f547708593566404072b93;Nters8yCsOg;10000000000.0;False;0.3;False
2626a6da6ab04aec8110a53c1d5f6065;nc0Mv4Iyxvc;10000000000.0;False;-0.6;False
58ffc82aa952454290eac1be05bd8a5f;CM3jcGsS0Po;10000000000.0;False;-0.4;False
b30f620655a8411ca6f476f9b45cbcce;G6jyPcaY5To;10000000000.0;False;linear;False
73acb9b4bbcc4107a1a774890d128275;Gl9ikroWXSs;0.0;False;0;False
f5087b01521b4a64a2253400cfc76af2;bBPtP4t2J1k;10000000000.0;False;-0.5;False
fb38c36793654dbaa6107b91b7f88e6e;zsCD5XCu6CM;10000000000.0;False;0.5;False
d9fd184aef554bfa8c4deadb28ad46b9;UrIiLvg58SY;251.0;False;-0.6;False
00f12f0436854abea015463aa25b6df6;3Xh5i2FxAN4;0.0;False;0;False
4c9777bcb0d44caaae43165624fac08a;DXAidGQUuns;10000000000.0;False;-0.7;False
65706aea19ae4a4e9bbd3707ada8ffc3;cJRP3LRcUFg;10000000000.0;False;-2.8;False
1d317475b5234d87bf9e8a2816269eb0;BJk6gZuPKRE;10000000000.0;False;0.4;False
38b9506594a64cab87c786d6f83a4fa3;o2ltvJBy1cw;0.0;False;0;False
7e4b34caf56e4fa8b86a2a52fbb2d1ca;XeWxFDlufNo;0.0;False;0;False
1bd1284e286a426eaa6266b423e093dd;NgbBy9hmZjA;0.0;False;0;False
e3b6e015b78d425a9f7beaff23bcb69f;fHEgzRtKC5o;0.0;False;0;False
34baf0e6190147b8bc27cebc928ae663;KRzMtlZjXpU;10000000000.0;False;0.4;False
ee862840143f4c11afa8656f83615f88;K1uNjmxJQUo;10000000000.0;False;-0.6;False
3e9ce1a830a14fb38c73dc35fb079d7b;DL7-CKirWZE;10000000000.0;False;-0.6;False
22c4a290d25f49acab0e32353e83ab4b;toYfeN0ACDw;0.0;False;0;False
82d588429206407b84147f1a3390de79;EDwb9jOVRtU;10000000000.0;False;0.8;False
08b2759fdeaf4913bdaab65b1242ed0d;QfcLcDBII78;10000000000.0;False;-0.7;False
8bca4d54247a467db590f5d59a96cbf8;lru6-J7uQjo;0.0;False;0;False
ca3f457e49d3446f8cd5d20456cfb012;LPn0KFlbqX8;10000000000.0;False;0.3;False
d0d077b498014bf4a215d2be298f1096;4xoUHC9uRHM;10000000000.0;False;0.7;False
1164cc93ea68404eaa324f9702902bcd;jGJFINIELik;10000000000.0;False;linear;False
8f18ac08ab1048b7bb8428f2809996be;Nb5ldEa45nY;0.0;False;0;False
ba21a360b8d74a66ae6e1e71fe850c0c;KxLXWgnU3wc;0.0;False;0;False
56150394d3e64c97ab6834ac1949a616;FXBzp2_Tdts;0.0;False;0;False
57cc4a2106db40a583c3fb985f8d0b2c;g8z-qP34-1Y;10000000000.0;False;-0.5;False
693a5882b716482e8e7ca9f5c9bdf954;t7v-6rHDuKQ;0.0;False;0;False
1c6c81c072704172ac0ff63a3f504f43;-9P5NnsZgYU;0.0;False;0;False
bf9ae3f4339645c78addefbda5171821;FkLTwX0duY4;0.0;False;0;False
1e68dfeebaca4b0dab963b207733d35b;YU4hhNKsPog;10000000000.0;False;-0.5;False
1fd88949865b4ea4bb681de02575fd4f;pcHI_lTmog4;10000000000.0;False;0.3;False
024d7c1ac0104754ab0c7f09716c9fcb;YUXqHbTq1yc;0.0;False;0;False
17db75649e2f49acae3cbc713cc9e020;jWWGESX100s;0.0;False;0;False
c97216d8496845f6a6de8d71bf152cc2;yuTMWgOduFM;10000000000.0;False;-0.5;False
8d78fb4a056b40428150f0b46d99a92e;XFkzRNyygfk;10000000000.0;False;-0.4;False
6df5242d98444e98b731973844170e50;8szE-xCrFNs;0.0;False;0;False
769a39c1ae1c4cec84e6497dd5e36965;jwv-iRvyDZg;10000000000.0;False;0.4;False
a4ab827c72a1436ea8273c90a0620365;ty2q1sClQCM;10000000000.0;False;0.3;False
e7cca46c996f4163aaf52cf8a5d242fd;beINamVRGy4;143.0;False;1.0;False
56fc136f189b491294fe65b2f1cd740e;SQaqoNZ_35o;10000000000.0;False;linear;False
4df3e21fe7f9431a9e111fb5a81e315e;zj05Pebbkbc;10000000000.0;False;-0.5;False
79129dc1519c4138a7c34716f5379c78;SMJhQ1cPM_A;89.0;False;0;False
bbe451ebbf7b4ad0816e70c0cc969213;2lvs2FzF64o;10000000000.0;False;linear;False
e813848a6c4446949e11d6b6659853cd;kZZmhbZJwng;0.0;False;0;False
7703343ed3e74b38ad5cd069e96b4867;76ley2v2s9w;0.0;False;0;False
3122d1a7225f47139fa270a19c6caac6;rhjjhQYx_BM;0.0;False;0;False
bc1899f9ef2a462195d736312f3d06c2;TgLzBwxo4_A;66.0;False;0;False
1de81c27947a43929a02645d8e4ec444;O-zpOMYRi0w;10000000000.0;False;-3.9;False
3559797f9a1647209578fcfbfa851e47;ijAYN9zVnwg;10000000000.0;False;linear;False
4f2c196274bc43b99ae34bbc92a0cc33;lM5SPTmVlqE;80.0;False;0;False
8e76e0a5ee89451b8fdcd7524502c7bc;MrAtAxx4c8A;0.0;False;0;False
f806fff14236451dabe7351963237769;Y3qDzWO7H5M;10000000000.0;False;linear;False
57e7fbba680847d2bca9f8750c90fd1c;edHnmuaLLDM;0.0;False;0;False
5c8b80f3a6274c3f826d61650ca6a7d2;Rn7uaz0fayA;10000000000.0;False;-0.6;False
9cb91cc8ff2d4715ac20e35dc51bf9b6;1vrEljMfXYo;10000000000.0;False;linear;False
df66133633144a0cb813f422a455836d;GEuuj8EL3tE;0.0;False;0;False
af79b98527cf422ba3e9b4107b7422c5;8szE-xCrFNs;0.0;False;0;False
6d06e960817941a1ad4cde002c85254c;1ClCpfeIELw;10000000000.0;False;-0.4;False
4f9e38a81602484696ebf4671058af90;BtiZ0j1nofE;0.0;False;0;False
3b7e62531a6a45e98128d634e9a882d4;kZZmhbZJwng;0.0;False;0;False
13492490dd994eadb402787ea1798f47;Co6OHe4KaEc;0.0;False;0;False
a68fe748704942f7b63591a137dc81a7;1vrEljMfXYo;10000000000.0;False;linear;False
45a98dc68bc7426191a850f42fdcaf79;mPc2plEHrHA;0.0;False;0;False
2aa2f1fc57f848dc878f461ddcfb041b;roPQ_M3yJTA;10000000000.0;False;linear;False
2ed813a485e54820838df7b88e0abaec;qPdihUTYk90;0.0;False;0;False
de321d2f9acb428eb986bc8dbb9958be;koJlIGDImiU;10000000000.0;False;-0.6;False
20d0a6f4e991402598438d6721dc0040;4I7qScX9X1Y;10000000000.0;False;0;False
fc595fdc4b5a4158931572d06b0b346e;vfnSSbRucMU;10000000000.0;False;0;False
01fe7b4cc53a4ab6aa512be7ff4da5eb;t4_jejN8sSA;10000000000.0;False;0;False
79590eac5fd247c790b24e2b51dd8021;mSZXWdKSQNM;10000000000.0;False;0;False
6c442872ddab413cb01a57ce28c49790;WqzBOhg-StU;10000000000.0;False;0;True
95da8182c1b34833898d77d6c320d612;hDkvwbQwtyo;10000000000.0;False;0;False
240750ef1e4f4367b20e244673519752;8CIfudW67zs;10000000000.0;False;0;False
c71f3847c9c6449fae00363f017bd84a;SECVGN4Bsgg;10000000000.0;False;0;False
3a6f7e96f03a49038629a99c552b89a9;pDCdStbQIGE;10000000000.0;False;0;False
6eebcfe6ea8644169d079f437dac6843;rxIU1yCZ3DA;10000000000.0;False;0;False
dc7feb5dfbcd4b6bbf63680959881fbd;qxwMbjAKxAU;10000000000.0;False;0;False
fee2f08572164ffda0ab1e78032db23f;WHKQ7ZE9pvw;10000000000.0;False;0;False
a3802f49d2994f889b1a9842d874e2fb;YOkPHHv8gOE;10000000000.0;False;0;False
f0ff1f1200604f719d37f6ce481a79b6;ze6c2qSGyTs;10000000000.0;False;0;False
e4dcc69e747f4ce78926a4769d584b87;eHhI7fZ6aIk;10000000000.0;False;0;False
9c09b6e8b2694ecc8cfa9f0956af1906;QH-S_0RKd-Q;10000000000.0;False;0;False
041c79c8e1184149b9d240510077afc8;94tiTgChO4M;10000000000.0;False;0;False
8158b884043341679ccaac0173b57fbf;iSfySO3jJgY;10000000000.0;False;0;False
2792994a02714a2d95e4ab77aeb09861;MA3WA53fi5c;10000000000.0;False;0;False
9164554a954f48b9bd62a36354e5fae5;K0siYUjV9UM;10000000000.0;False;0;False
7486d04d49de48e0849e2d8e799ee258;7I5CWyzTBGU;10000000000.0;False;0;False
9731b278f29347968c2ee085be2c9d61;WJRT-A52eH0;10000000000.0;False;0;False
f5a82ee0e7e4457cbf454f050d806ebe;Ui31Hma9rAw;10000000000.0;False;0;True
3f95c86b880d483d905f20ec35e336fa;XZd9tHVx1VE;10000000000.0;False;0;True
51dc592510894e36927afd9c756d1490;WVEt36YWl8Y;10000000000.0;False;0;False
101e1a018e9e4a8ca0986c59499bcddf;-2l1QI_TpaA;172.0;False;0;False
6bfdd2edd26d458893150692e5b2fabe;3Gwahh04Y1Y;10000000000.0;False;0;False
600a751107a049f380180dc4fdf81a9d;_pMXCrSA04M;144.0;False;0;False
f2644a8fffb74345b8fc215801f330f0;36AX554A3ew;10000000000.0;False;0;False
9e98173063dc4c48ad69e681d4ffe6b4;bnVUHWCynig;10000000000.0;False;0;False
d461bf8465c94b80be2daea0e0072445;UJmbn1sQw2A;10000000000.0;False;0;False
dccdc20f9e214becb07bdbb781e2ba32;1DQepQaporY;10000000000.0;False;0;False
d877c75560c64786be6d76418d7af327;ewSQYCTZcEg;290.0;False;0;False
71262fbe2b264e1598f4ce565d024e05;Rea5nHLzaXQ;10000000000.0;False;0;False
0b9c8aaca27a4e9fa3ef44fd90f49f32;RKtvrJcHuWQ;10000000000.0;False;0;False
6bfdf07e72c1493287c23e9a0b2a2ac7;8-vZlrBYLSU;10000000000.0;False;0;False
370c06530bd24100a078856282ed737a;D_lEQoNM70A;10000000000.0;False;0;False
bacd498b20f743f29ad96bfac12820ef;PB4MRsDSogw;10000000000.0;False;0;True
6ee5dcf21f4d43bfa6fd910b768b4c09;MwmxLCgai0Y;171.0;False;0;False
5516babfcb3249c6a49ea1ce9abcf09c;LCJblaUkkfc;10000000000.0;False;0;False
bc3e7aefda7c42b08bf72bee374b3e85;0IvVx-eo7Qs;10000000000.0;False;0;False
71cbe20731724c66b04ed87607d58e68;00PdHIPjaWQ;10000000000.0;False;0;False
00658116343c4502ac99de27aca47192;tXhdjJ2Z3qE;10000000000.0;False;0;False
69fdbeb882ee43e4abd8ddec73d71a94;-Vsxec2ssZM;10000000000.0;False;0;False
30b3f8afb6524172b965b09e55f8d2cb;ZRnzTTYk7_Q;10000000000.0;False;0;True
c5e8c8eff4c946c8929e4af8730241f4;YjXhjzne1u4;10000000000.0;False;0;False
3a1f91f080ff4d6f966bfed286667eb8;TYafIgGqKf4;10000000000.0;False;0;False
ee902004cb1c467eaf230eb516d7fd77;4W6S5rQNl_M;10000000000.0;False;0;False
7b3be894c33f4c419d298f4ec85d5c0b;g2gy1Evb1Kg;207.0;False;0;False
0c29d08dbaa840c19b36c3bf92bec386;0fMUYU8DC1U;10000000000.0;False;0;False
a88d98fe4dc04c01a0fcc4d1bbc9344f;3PE9QKxG1GY;69.45;False;0;False
cd3f0ec35b2f40df99c4f3f763af4055;UGpcYfng27M;130.0;False;0;False
e44e2a159d9a491b93ba26e64aef33fe;YDDyE8pGN1k;10000000000.0;False;0;False
321fb8d3ad534fdeba75708c89ef6785;p6Fdm3-dnr0;10000000000.0;False;0;False
af352c4b85ec4326b762ae9dca631e51;zgUwd2Gkb-E;10000000000.0;False;linear;False
d96d30e8b272415696622d1f95e3b82e;dgQEqdj3GwE;10000000000.0;False;0;False
b6290e409d6244e880071b3338c31617;lK-_KlWqmjU;10000000000.0;False;0;False
687f0adafd8b43809676c7970dd04bf7;heZQVYvHPsc;10000000000.0;False;0;False
c2cbe6859615414c86f11cee34421ec3;Z3Pb3EJY5Qg;10000000000.0;False;0;False
f3f2be13e4df4555ab64423687c9791a;nvHq4siXbPo;10000000000.0;False;0;False
f4a957b20d084a5aa58ef48c897953f8;erSJGrpfnOI;10000000000.0;False;0;False
4833f3c690d246d287d3eda64290de7c;0AvuweztG4Q;10000000000.0;False;0;False
e11707a524304c729334d288554f99ef;LhNJ0dV6lkU;10000000000.0;False;0;False
df140cd696d04ff1b8788f60f4a28801;WXS0YMbUzo4;183.0;False;0.3;False
4bb5716ee23640cebf0688782f0f2b2d;UIBEU7JaxF0;10000000000.0;False;0;False
784edf6d650b4a7f9bc63b525673ca01;bk11Ayxd2MM;10000000000.0;False;0;False
85cafbcdfb2942fa82467ea1f2b15a0e;eMOGFCmhw6w;10000000000.0;False;0;False
574f2831d7e04060b1befcedf8157761;6g28CpuEoQU;10000000000.0;False;0;False
7dbf32397f294ce6afd2f42d85117a56;6V5mtUff6ik;10000000000.0;False;0;False
e94cac8cdff94c15bd4cbf1fcd22a9b6;zWmF_2u-9nk;10000000000.0;False;0;False
ebe427903a354dd8ab4581007af04dc7;cfxxR1dY1Ic;10000000000.0;False;0;False
8919a675ad3d4a51a23b110180284f11;hA2nD_0CL7Y;10000000000.0;False;0;False
2ab1277de98e40e7920927b9843354fc;S5RAATO3rTE;10000000000.0;True;0;False
d859b74949bc48529e5b8ec8858edac4;lAsvjVx-Mg4;10000000000.0;False;0;False
8bd8135f2d5d426aa52a26c38be318e7;gVP0_6igQs4;10000000000.0;False;0;False
76fe7166980a49f4a9c1835b33cdf3a3;KaBdajHOsSM;10000000000.0;False;0;False
d9e3b7546d5544ce928d11134eaf3a71;YqJhfE08wxE;10000000000.0;False;0;False
1c1e636e4c1b4374acbba4a0504a6190;J77YoMEwrMs;10000000000.0;False;0;False
d7ebea8e24a343c5bf7a8487bd86cd92;gzlkg_wswXs;10000000000.0;False;0;False
16208366e28542c2989acefea57536a4;KVjeheaFfsM;10000000000.0;False;0;False
c10e2b385f6f4fd1bb59144362eb40ab;SVk-bacM75Y;10000000000.0;False;0;False
07045583ddf5450c93550a40cbc92a63;UjjUYFn_g4c;10000000000.0;False;0;False
390044e8958f45868ceb7bc1e682c5f3;gq1roSoMS84;177.0;False;0;False
937417ae87e44612995d7c91f235ff55;VasDiLee9Q0;10000000000.0;False;0;False
d37daf781077467c9f8047fb92ce551b;4rjYbOsu8Mk;0.0;False;0;False
eabef1ca06f14624a138422c8b8fc39f;wUTtr1X1Eb4;10000000000.0;False;0;False
061c5cb04d9c4498a8ac8f565c0f958f;RSaugshzywA;10000000000.0;False;0;False
c357d487bfd54a8485cfc5af3032312c;X02t8vKLtbw;10000000000.0;False;0;True
bb276176316841bd9298a720b2728767;t05G0983BcI;10000000000.0;False;0;False
da9d680381004f7196c34fa7c6394ab4;2ssCL292DQA;10000000000.0;False;0;False
8f4f6ec398504cf7b5b89f112daaf7e6;HGN8SNsD1is;10000000000.0;False;0;False
78ac8e6b4cb64862af2093ef266d2ebe;QTYuD2kFc5c;10000000000.0;False;0;False
f7d7e92173aa43059460bab9a887b176;40V9_1PMUGM;10000000000.0;False;linear;False
af91a0f2c3074f92b381b93fd7e1533a;vLtqTb53ZEY;10000000000.0;False;0;False
0dcb8f046b124b0f80ea50ec9dd77e59;9DCdCoQ49u8;10000000000.0;False;0;False
f4b28baf4c994b569d3bf8be517327fb;6VWYdqgjQbs;10000000000.0;False;0;True
6a1c2e7431b84f0f8b8c2a90ab6e4fe4;YV-SpT69IZ8;10000000000.0;False;0;False
b252929f8f284a08afc91ba06d643deb;zVPNBUbgz60;10000000000.0;False;0;False
c8617ac16193430382a5e1c3f199cc19;TBrjeYALCf4;10000000000.0;False;0;True
467ae4dec88a48809ca01cae3680caf4;qd0MGxtfC3k;10000000000.0;False;0;False
03b30a9a3f5d4860bdf0355a6f3452bb;xyN2609W4wU;10000000000.0;False;0;False
bda4489b6dcc4cc282acd6c4803884d3;xJiQIifKWjk;10000000000.0;False;0;False
56b5f98d1c514288a82c3946b92b185d;RlO-NeUUNdk;10000000000.0;False;0;False
bbe79c6fee184caba6de12c8d6b61600;weMrzt6W8V8;10000000000.0;False;0;False
7dc2c19f963c4411b2a1fec46b7b07d7;bSpqLqC7U6g;10000000000.0;False;0;False
1631dcf5067d46f2a9bb94b949d6fc96;PPaGujo9p9o;131.0;False;0;False
379e6eb348f34fbe8e24ac50b310a815;EN9auBn6Jys;10000000000.0;False;0;False
c6c0113151bf4daf81989947c06076a6;Uc89WTEh-jE;10000000000.0;False;0;False
e385cfadd6944b0ebd737e9002433be4;F-qHo4oFX6I;10000000000.0;False;0;False
c0266e93455b4cc98523ec158ef56f0c;4yYlH_p_4ic;10000000000.0;False;0;False
9bc291c8b0a6432992810fc7801350e2;vTFEQdXfJcU;10000000000.0;False;0;False
53f8cb1b83084acc98841b3aa91e4e77;h3aVkc5MbDE;169.0;False;0;False
523a834e642a4e2fb761fe048cb427c7;KUmrNavXsd0;10000000000.0;False;0;False
297b9c354df1451680597042ce264a6a;1AzzlFmmrSM;150.0;False;0;False
b48d018ce3444b98a4edf69cfb6dd499;Z_dPvlF9_7Y;10000000000.0;False;0;False
62a3bafa4076484ea8aa658a7729ae26;F51zmaBQ32Q;10000000000.0;False;0;False
3174357fdbab417c87f61c94ba34621f;nQJgZ2IUxRM;10000000000.0;False;0;False
505daca496b746efbad3510cb9fade1c;G8HBIH7WeP0;10000000000.0;True;0;False
5f6827197147494ca9d266d5a997fe13;WrizrrmTuZ4;10000000000.0;False;0;False
b273dab85e5b4149bd35ce8d8464b2fa;ZhjTXV2WA9g;10000000000.0;False;0;False
093ee06274a544be8402a52480029bf3;X0_VZuDsnaY;10000000000.0;False;0;True
e041c0607aa048f583030dec80e100f1;5yjEKs8hlWw;170.0;False;0;False
c83666a88fa04962997efad58ac9b612;FqIACCH20JU;10000000000.0;False;0;False
5b45a2759bf947f6b0e058ebbec6d637;KTpTEGUsGzk;227.0;False;0;False
52648357791245bbac35d60f8751b0f5;O2IuJPh6h_A;10000000000.0;False;0;False
4011addb894243bb9eca7c556070dbdc;_Tte-pWROAo;10000000000.0;False;0;False
23d8356ee1c84986b93801857fa030c2;-YLiNTm5-RU;10000000000.0;False;0;False
9d884d90c3ee4989865c1d28919e6fbb;vFl5biS3fPs;10000000000.0;False;0;False
407a625229684cedad26724774a5e3f6;lYauAg1Qaxk;215.0;False;0;False
64806917ca1644f5b12d8401d6dc258a;-LlfGrP4n6E;10000000000.0;False;0;False
7a3ed35afc3b4dcf8715ef830ccde909;PflZJvnREDs;10000000000.0;False;0;True
4f7c6a105d2b41fda8e4ec2928f03f0b;nhODaNiaKMA;10000000000.0;False;0;False
1b4b8bbbfbcb47968981ae8759732f78;fHGKG9dyTKI;10000000000.0;False;0;True
a66ab6eceafe40db98302f22551849a2;Dh-gbFL__vU;10000000000.0;False;0.2;False
2de85bd2d1064e2e99f19b0e8cb7ad7d;zuqE1gz7qyE;10000000000.0;True;0;False
6117388c29c14ed49975f9a0027e958a;w8YHBvX4QtM;10000000000.0;False;0;False
ab934403d8c74925a01784ead7ae1717;lsYw-ER4h74;10000000000.0;False;0;False
302c5d39f9874931bbd9866b44f39c18;Zz-DJr1Qs54;10000000000.0;False;0;False
16e4bd7e8d8d476e85afd5321a3b58f9;BJ1h23iC-6s;10000000000.0;False;0;False
e1554cdf9095436a94d7bbde0836381e;DRFlyfcbcFM;10000000000.0;False;0;False
cc60f99c5c37445481a9e0bdb2156dda;cvDkryqHoHE;10000000000.0;False;0;True
83bdc09dea8f473aad6d43d77ec3b80d;uZjnLRWUYOw;204.0;False;0;False
3822d8d82f66435c8e5e4123a380c693;lmmGWRCQ26w;10000000000.0;True;0;False
2138623e1ee640b2b39ae361dad76682;ZqH6rV1E2oY;10000000000.0;False;0;False
556ab24dda4b4d8b843051b97b920a9c;_-B8chdVzek;10000000000.0;False;0;False
e760c280fdd047029f853514162d411c;pifAOXPpfYs;10000000000.0;False;linear;False
f921ce0553f34b898ce6c77a24c84103;CA97HEHPT3Q;10000000000.0;False;0.1;False
a90430d5ecdc41408c883702e4c4f747;zknlwXuGJUg;10000000000.0;False;0;False
d8c260b42a95416d8c6978cb00039ff1;syU8zdQvHZs;10000000000.0;False;0;False
c0beb739ef3a44ab82a4366e118cd23d;eTt-GXnvvmw;0.0;False;0;False
a31270cf63b14adfa0edee2a1beb4b2b;_h3QM_zp8NQ;10000000000.0;False;0;False
2b1c79c47c1f40f6a0a6c11711a9104d;5GxFbd8fW3U;10000000000.0;False;0;False
a8a64eaf9ebf48dc8b26a676db4a0dcf;hEhaDl-QkKo;188.0;False;0;False
730488958c044f4583690d6b9b9f4c5d;6T2ALPtEytc;10000000000.0;False;0;False
312ad2c8a0004e6da0f7aa16b2c08f49;PqpWWMIsar8;10000000000.0;False;0;False
5aa0d30da5974b6caa0d88545f0a4858;1lymwP7atnY;0.0;False;0;False
621c0375eba84843813225f020e75cdc;isEzhladyzA;10000000000.0;False;0;False
d57beec5e9954aa1b4853b90521f2c8b;PbgwQT-lklw;10000000000.0;False;0;False
8ed815f5673e4ec49959089c39615903;EAtwg1BwKek;10000000000.0;False;0.2;False
6141cf8e7c994b90941d99b48645f24b;lIr2nTgmv98;10000000000.0;True;0;False
4e5fc6e5044240a1ac5b7bb3f62d8910;OTzljLzccpU;10000000000.0;False;0;False
96fc44804eca47b1bda49c1751dc546a;FNz1Fv4I8Wg;10000000000.0;False;0;False
dc295ae639ca4be482a857d6c0f76370;QRtzeBvoyuk;10000000000.0;False;0;False
f9bb66fe27b04546866dd01a5a8064f4;EviXbSlbY-Y;10000000000.0;False;0;False
c2ba6a5c606f4c69865fc02d1abe42c7;1IIkaH2pY50;10000000000.0;False;0;False
f617ba9a6e8a406cbfae25b4987f86ea;216q4---F94;10000000000.0;True;0;False
1806a7e23d3749d6a1ebcc31a21b1ded;GXjDj-P9cMc;10000000000.0;False;0;False
5bd0db6169214513be038f0e74ccb4b2;HcmMolE4le4;72.0;False;0;False
472799e300e040cc933599d1973ae9a3;Xi-V06al_h4;10000000000.0;False;0;False
c08c20823679486fbe5d4dea96c47d15;CPwHwfcvSXQ;10000000000.0;False;0;False
896c41ad2a0446c79644e01896cec54b;sFPilIRxwvM;189.0;True;0;False
f1620aefb41d4af081c4fd5b4d7dfbb7;8p5QiOPtX14;10000000000.0;False;0;False
912f967c11f04d498f316029155f1748;63vqob-MljQ;10000000000.0;False;0;False
12c95b10752448dd8bf71e931b508394;A0kd-w7Xwd8;10000000000.0;False;linear;False
860c957566a94ff88651751a8d2520d4;22aEGyJczPU;10000000000.0;False;0;False
6544fa73bf9746a3a283afd6c56f4a3d;GqX0zOWlIwM;10000000000.0;False;0;False
c132dc109c93464c860ef68698aad06c;V4Ghagx6Mek;10000000000.0;False;0;False
0db0a63bf22f40049423e7690904f869;hJzotJUlQws;10000000000.0;False;0;False
f4e30000952749cbb2c1d4087e57b7dc;Zf052uxFF58;10000000000.0;True;0;False
d7300568dc0349f1b135dd579b4f4f6e;wqjouYChsGc;140.0;False;0;False
d4ad3a298b2745669a5ee4a557939141;zR5_KkxgGqE;10000000000.0;False;0;False
d937650bd9f340e88677d991f971e33f;b_JLZxpHJAM;10000000000.0;False;0;False
ea0ded98fcdb44a8b90ddf4eabb9f306;mSco0oUym9I;10000000000.0;True;0;False
a09b97a8a1cc42c2984692e4044095a6;q7RykgQN1sI;10000000000.0;False;0;False
4d56bfedc1134a119f3ce678a01d7203;v00RQms9QiM;10000000000.0;False;0;False
8e540b8d605e4c73b141a2fd2ffa272e;tyoDVyY82Q0;10000000000.0;False;0;False
606de4a423bb4860a24d61e95adea334;XWSsDhaGfn8;10000000000.0;False;0;False
7e1684ee88a0486a9c35b6426f348432;RZ3BA9VIYQM;10000000000.0;False;0;False
4913e549b3234d709ccc0df86c0db24d;i9TbMJ5gmY4;10000000000.0;False;0;False
7ce5894ab3084e4fae8731adf3a4d25a;aPbjcZaggjM;10000000000.0;False;linear;False
11da154b43ce419dab18616729ea0507;ow6EbUVav2E;10000000000.0;True;0;False
360830c8de5f422a8eddeeeed2446138;d5jDUgjb47c;10000000000.0;True;0;False
99fae1c68cfa459f89051be963ef3cc1;APQai-h-lwQ;10000000000.0;False;0;False
07982d3af2694d6da29577f694f5a6d8;lK-_KlWqmjU;10000000000.0;False;0;False
44d8dc574b2b43babcd7cccaaf36ad83;4j0Mi2okC64;10000000000.0;False;0;False
f5fe5e6534d44c5c934f2ce3d5b71b45;3AFmXqnz2RI;10000000000.0;False;0;False
fb42ba5d426347288f0efa681d3bf1eb;Fl3dYisSWOc;10000000000.0;False;0;False
6af18d3c8e4e4995a563c24c2a3f9a06;A0Yn72QM-lg;10000000000.0;False;0;False
6bad8ac2c19b47ca9f89f757663d7856;fCVuK9uwKQE;10000000000.0;False;0.1;False
14ecc60abed046ee9e3075197acee5d0;44e7Q6dNIbM;10000000000.0;False;0;False
ef15682939aa4046a059ce9b54720f38;IGVZOLV9SPo;10000000000.0;False;0;False
364989721d70447599b864849902da0b;3T1c7GkzRQQ;10000000000.0;False;0;False
5cf8170e866541abb3fcf6902cd852fc;4PXWIoI-1Wc;10000000000.0;False;0;False
5f5f26a930244dac961f8c09e9a76d44;lmun5PO54VE;10000000000.0;False;0;True
30db214336614f2cb905bced1f7962f9;5RYY0hwHIRw;10000000000.0;False;0;False
3b34c8981a1f40bfa6435d5d49a865b2;NyoTvgPn0rU;10000000000.0;False;0;False
229ad65f41d946c8a286e9fb7956f273;TDTLPnOBS70;10000000000.0;False;0;False
b8a379b0f78e4f35881859f5b472b823;3FWF4cI6dME;10000000000.0;False;0;False
e123742449e14450abb7db68933e3b00;aqUYPgYcgDQ;10000000000.0;False;linear;False
a6942eaa475e4e829cc686262e4c99d4;Xv1ru1z9kj4;10000000000.0;False;0;False
b02e4ff4aba7427fa1896afd18602b7b;Lx58hXh4pVA;10000000000.0;False;0;False
dbb27ae2001b403f8637a3ab0772f946;F19f3Kr021U;10000000000.0;False;0;False
cc46c14432a94be0affc7ccd3a47168a;HUaIdOsJqF8;10000000000.0;False;0;False
389206be2e2940f8b4b44a73bb5fedb9;2NFZ_EHuDlY;10000000000.0;False;0;False
246057e812de4666b26adebe538e1f06;5usTSBQQ3oI;10000000000.0;False;0;False
2d3fc4ec5cfe4940b6f76a4b8589c1a4;9u-BoI_kFt8;10000000000.0;False;0;False
169b126b39a24b248950406e92d1ee7e;ANsQ6N4ugXs;10000000000.0;False;0;False
c0c853b3facb425495f517181b460eb5;3BGSQopWzZQ;158.0;False;0;False
159878eec9434d8a81657f3add81c55a;31mlEEs9_Vk;247.0;False;0;False
05c3e857b1ad4f7cbd8793e9f60779e1;eREABBsxBS8;10000000000.0;False;0;False
32ce82310ec94651b95963efd9019ada;pO3KfDGbn48;10000000000.0;False;0.0;False
48db71ec7faa42a8b50402b9f6ec63fa;xchGAzcDNlw;10000000000.0;False;0;True
743ba4aefe3f412894cd22ee5c4b4ca6;7JONA_6ZCrE;10000000000.0;False;0;False
c3b33e131e5642d09d0cfaa7ce5bb0da;mNoo_rNZQ84;10000000000.0;False;0;False
7efc132cff79482080dad1ad3469ae81;3bEUaeG4wH4;10000000000.0;False;0;False
d3c3882124ac485c8d0a21899a3be46e;48IF2Dr16SQ;10000000000.0;False;0;True
6f5bed87d94c4bd99adb8a60b2e0afaf;8ttu6RxqbZg;10000000000.0;False;0;False
431a38f3e2864177b020cc4dfa43bffc;CySYwZNH65I;10000000000.0;False;0;False
25e4d413b7c44f26bf2a863521d6d8c6;Uc89WTEh-jE;10000000000.0;False;0;False
1f7fabaa80c64b0299b7002a572b805d;yOnOTu0N4_s;10000000000.0;False;0;False
5a6a28bc48e24ab1b0f3a3d38cd9eb36;vS0b2bhtwO8;10000000000.0;False;0;False
8bc1c3aca17e400bb9daf30cd8edd736;O3yWVa0c4eY;10000000000.0;False;0;True
fe44f53238cd41188efea3fb2d674abb;7Jc82HQuD-4;10000000000.0;False;0;False
3dc1529d520f4fbd932bbdf31b434db7;Rx37aGw_Rcg;10000000000.0;False;0;False
8247bc1d70ba4c4a9a9ae8cad93480ff;C1kHeeEMe-s;10000000000.0;False;0;False
c54020552e764d83b8267b0d1a09faf4;2RBe_qUGt1A;10000000000.0;False;0;False
0b20864815bf4fc393053cb793ddf4cc;LHowuJEUvQc;165.0;False;0;False
d9f98dbf16f24642a640a5498c8b19fc;YDSA1Trzjmg;10000000000.0;False;0;False
af263adec8d74d34874e701ffcc2a9ec;2Fcuq1--52A;10000000000.0;False;0;False
ee588c0cd164412d9dbe18fda38e4824;ZYVbgl4mLB0;0.0;False;0;False
c297a6875df745b9970d6f4869eb5b5c;7Ix4nX9dmCE;10000000000.0;False;linear;False
1484e27f743c467f8d68e2be51b68b00;cDLwdmNgaOg;10000000000.0;False;0;False
4f6cadadc35a417cbdd0a641b103f91e;dZQjRfQ5BPw;10000000000.0;False;0;False
fee6c3528ef34126b80d7dd90dd8df12;BHRyMcH6WMM;10000000000.0;False;0;False
75859224414141b9ba92e2e9d3ec932a;lAW-SPmEGdY;10000000000.0;False;0;False
3124c1fc9def4794871f437f5d606037;pxMGOTYc45o;190.0;False;0;False
c215af4081284288a5d26b400bdff0d9;WLO2fppkO14;10000000000.0;False;0;False
6cedc6e9a18841729bbbc35ac21994b1;pOv-5RTCKfU;10000000000.0;False;0;False
33a9cf7471534be1b716fc70adc12fef;-oUbGCGlrQ8;10000000000.0;False;0;False
f653f83cf6fd4855936fb28fa40303c4;ZU4jCSkVJ_A;10000000000.0;False;0;False
7cd8a25c773b465888283462bdc36254;FK1yF2woT-E;10000000000.0;False;0;False
88ac9031f5c74c2ca36bb13c8b72ca17;zR5_KkxgGqE;10000000000.0;False;0;False
5b35ffee29274a4b99efbd434b8cf098;qT9S7VpxTR0;10000000000.0;False;linear;False
bc3016bd513748709ea05aa4972269c7;3l2WE1RiD3M;194.0;False;0;False
2b0dc722efe64514b138cd66309de8ec;RuV2agQPgps;10000000000.0;False;0;False
4bbdfb8f6d5d410c92caf55e0799cd1b;Ar0RA4InvVI;10000000000.0;False;0;False
52c7742a190c45318299e2c45b0b1897;Z3cp8LERM70;576.0;True;0;False
db213b6ea97b4913b7ecca4c24a7312f;WSjpVDi1Tu0;10000000000.0;False;0;False
134ec8b1c1f74b31bd6fe81b2276887e;2PlgN0ta6E8;10000000000.0;False;0;False
4a0627f0e75f46398550da1be8f225f0;5i_0PkOqLKA;10000000000.0;False;0;False
851c91e2a1d842b0981e6667f5f8434e;gOK3rqVgN2I;10000000000.0;False;0;False
6a94734f15e640a3b1e3f8d09f073f27;Z_l4pa0IkOo;10000000000.0;False;0;False
69b416dba2f34c7d92f76cb8849ba79d;RvI_UsP_7iA;10000000000.0;False;0;False
fe0b7129f89c4bafa21866f5db0222ee;nh-jXYZVDS0;10000000000.0;False;0;False
d01c067bf0e04ee4a153094ad3c7c1f8;TPqLJJfrVVY;10000000000.0;False;0;False
f69d0944ee36460ebca89818428c4544;jHlm22f0JtE;10000000000.0;False;0;True
3bcf00e93d7b4256a8ff0be588cf5672;RorLPI-e6sM;179.0;True;0;False
ff9814ae6d8d4f80a0be37ab9bdf03f8;Du_YaEXVv2Y;207.0;False;0;False
71604e24ef314d218584bd69318da6f4;dFs261AKUZc;10000000000.0;False;0;False
1b2fb91c7f20442aacd630f09464e892;LYQdC6QGinM;10000000000.0;False;0;False
ba5e7ad6af5840de9ff93fc0b3849ee5;RcMt6zI7VkM;10000000000.0;False;0;False
6a316d39e9d74fbf8443024c83b8e2f9;y1T1dS-bh4s;10000000000.0;False;0;False
5c3825ff713a45cd9653051901ead782;YDsLKEado_o;10000000000.0;False;0;False
2ca401ff825744d59e29f465986a5b8c;6OmbjjWVhko;10000000000.0;False;0;False
ffecb6f72fca4c51bc649bd61d7264de;5QXxozXsDZY;217.0;False;0;False
a0eeb583e1b84fe0baeebf5621e17984;N9SZaOJEWXU;10000000000.0;False;0;False
84030a2721b9401eae60c6d9b809ec30;wVkYRFyNuV0;10000000000.0;False;0;False
8ca6f1cfe6944bb9b6aa874a9bd5fb62;19dzm45ttWE;10000000000.0;False;0;False
69f6aa44be384189b2fb59f14d993205;Wd_pU80mGXk;10000000000.0;False;0;False
7a417451e8e4402984afcf849ae2d69c;ZZsMQ7Vp4rE;10000000000.0;False;0;False
e76a7846ac9d4a4dae8997cb4e58ded2;UBozyHxiPgk;10000000000.0;False;0;False
f08b9636b940463a81dea668a2cd0a66;AKRyWWiZRu4;10000000000.0;True;0;False
0b76c6351d704876adeb175ce1414e20;HDpCv71r-0U;10000000000.0;False;linear;False
017dc84e8b6a410ebd66ca61b1c87830;f8OHybVhQwc;10000000000.0;False;0;False
1e5812a251184f7b98ce3f71bdb13014;HV3O93ZQF30;148.0;False;0;False
aec55fc6b89f41938f19a39bc5166809;CBJ2TRkj_ms;10000000000.0;False;linear;False
422d9cbc50d64dfbad798f622abeb09a;PZvOnhNOEjo;10000000000.0;True;0;False
c1c1a41913734b9f9b1231e11be8f54c;UJujyzA2Q1E;10000000000.0;False;0;True
9f5ab312e2b544948e322e37dbd4a3ce;ckYHXNlccug;10000000000.0;False;0;False
e6b98c2eb64c4fb69b566a63564e2843;oEFWJTA0ZIY;10000000000.0;False;0;False
24ef08be5cd14a1b9783dea2b4476c3a;h9XFq99bojc;10000000000.0;False;0;False
da4e3c346e964e6fadf3d37dae689460;jJDcrdEDgos;10000000000.0;False;0;False
8287b55bec564f5384657ed508471d94;qEWV9krk74g;10000000000.0;False;0;True
8b402882efbd4aa6868c557adcabc31f;LcEtkxu2aNk;10000000000.0;False;0;False
589bc365088340d6ad050fa18de4f679;qnWBURgMvVc;10000000000.0;True;0;False
c65a7a01a5054317bd3d8358ad941b92;rAD6sxqb6KM;10000000000.0;False;0;True
3a35698e10e046c3ad0af0d71f8eaeb4;7mitasNyfWo;10000000000.0;False;0;False
8c65c45c777f4a6fa36975950bc28f14;d52pfstGr-8;10000000000.0;False;0;False
c5a65cdc389b4bc59cb0c99ff7adc9e9;vjD3EVC1-zU;10000000000.0;False;0;False
44dca00a248b4913a62a2a7abbd871fd;ajQRi6U1p48;10000000000.0;False;0;False
395f10134d764d7cbe37874ccb9b4295;4iuO49jbovg;10000000000.0;False;0;False
d6405c54922d4104ac32fcb6714ecd12;cq-LbHxlb-8;10000000000.0;False;0;False
c7f5ad50b51d44d78914e2e76c7e6273;nzADjVOLM1o;10000000000.0;True;0;False
8f02c3d260a14a1f9bd8fb4850bf3190;nVXUd2tbT4A;10000000000.0;False;linear;False
79073ec5fc444fc68b2dc8bb6815f366;adUd9izOcW0;10000000000.0;False;0;False
8f4b7bf939ce414e9bee209cb228c864;UigR_AAP97Q;10000000000.0;False;0;False
0d202c93901f4d94947303e55137459e;TilW9kN2E0c;10000000000.0;False;0;False
194174c5e6204e83be0d26eb3bea41c8;WlgEHHT5I0k;10000000000.0;False;linear;False
c3834509ae3144b1bfe141a20d87af2d;jVzueXIXy3I;10000000000.0;False;0;False
4fe504d4aecc48b790d0627b28f9a18c;ObAfBAhwSko;10000000000.0;False;0.1;False
4d3ba6bcde58428e800d27885c527a18;LXIWRan3XGY;10000000000.0;False;0;False
5a1e44647dfd422183fef2c084b85ba6;PXwF7g5wksQ;10000000000.0;False;linear;False
0875e929c43e44d19ad878478e118d54;xqovGKdgAXY;10000000000.0;False;0;False
9d9306b573f74ac398a530e62194789b;CXCKfEkn7Sg;10000000000.0;False;0;False
9c6b04e5f3cf44fd8c4320b8ad061d0c;6vOo-3XWxpo;10000000000.0;False;0;False
5fd1d9ca3ac94efe83a0dbfb0f9e2cc1;4rYJfBfeY0g;10000000000.0;False;0;True
a641f97ba4fe493bae7811d211239218;12kku-8_6_4;10000000000.0;False;linear;False
5de32027dba8456bb79a2647208b34cc;oG2OWZkORC8;10000000000.0;False;0;False
144aab357ff64790a3cd9f104ae91d69;vsuEio8VErc;10000000000.0;False;0;False
2fc8f9f6d54d4c8c86a37af9fb344919;a4J_uRIv_mo;10000000000.0;False;0;False
72f5739e9425494c8bc6b2803aecdba4;iLGuG193-JA;117.0;False;0;False
38cad4b6d08341afa7e9a7444477a091;kxLiDtaL4HM;10000000000.0;False;0;False
90d8462019824914b7011721092deba4;PE1vGT-hlLI;10000000000.0;True;0;False
ba30e2096ed146fcbcb836f082b7c59c;VhJ65v_C-eI;10000000000.0;False;0;False
6059856fc20b4843b474969ea16cd6ac;FdIX36A8lMQ;10000000000.0;False;0;False
2f6c30588af74c0a91e08199793a4103;iU6xe14dCVY;10000000000.0;False;0;False
74f48bb018a341a1a3bfa285af808d5b;fHpXaixhPkw;10000000000.0;False;0;False
01446e151b9347bdb96c7eafa0d8db3e;ZbUPjwCEZlY;10000000000.0;True;0;False
cdd8ab1ca2be4527b8a1e3b92a625e38;GHkUCSeTi2I;10000000000.0;False;0;False
7127ab26fe2d4df2b81849edebd1f3d0;tiXt1MnHdDc;10000000000.0;False;0;False
a1bdb652fa6045cbbecb5e25e9f7597e;9pw3j0HK1E8;10000000000.0;True;0;False
44a4f003f8534c679e07d19777cce611;vGJTaP6anOU;10000000000.0;False;0;False
ba3f88327a2c4b859be0e3b7f443f351;bS1MOfkScYA;10000000000.0;False;0;False
028cb9312382479e84e71cc9d0d85d1d;BJr-iFh1OZk;10000000000.0;False;0;False
6bfb96843dff425a824b540c56a83024;2SJCz3vC3FE;10000000000.0;False;0;False
169f42a2fdd744a4a10e689f82c43293;epzDjGrEWhM;10000000000.0;False;0;False
9fba56f3b1594ba9ba684e04b68415cb;cwo4I73umF0;10000000000.0;False;0;False
87f358fe7eb44ed497a75e83b8da65fb;EYQTGF1hXVI;10000000000.0;False;0;False
cfaaa5e9ab1c42bd8e1f00b149a9fe1c;GDEDQ8TCzW8;0.0;False;0;False
89100ddd9cd047fc8c64f79cffae40e6;Ed01vxg6LQU;195.0;False;0;False
f3b41d0dd9a4412a9b2e633b54dd2573;Sw-ko6aINI4;10000000000.0;False;0;False
c4f10cc7e849421d838b46d2a7a1a41b;dfKnga-a-7Q;10000000000.0;False;0;False
743cb17317c548b78f4874935c0f9d20;Tc8ep-iSaaw;10000000000.0;False;0;False
30abe2f199fe40b1a4413f411286b842;thfcVP6Qyws;212.0;False;0;False
fce2a962044c41278e4eb896c1c1e00f;PyJDfrInMsA;0.0;False;0;False
0741cf49793a4089ac0a92151056c6de;mTqLq06GVrw;10000000000.0;False;0;False
b6eb035879b644c5a170a6da17f25c23;DBUz2nkOKsc;10000000000.0;False;0;False
2a25d60cc73a4c30a47df51339ece502;j6TAevvtFfE;0.0;False;0;False
0edd61c95659476890d586fbd01cfa69;WTh-U3rK91o;10000000000.0;False;0;False
89ae3e2cf08644d28c86a725421ba9dc;XXq5VvYAI1Q;10000000000.0;False;0;False
d161808f5c714cf0a1344ed40ef8e2f0;ep-O3vT26Ns;10000000000.0;False;0;False
39163befd25f43fb8dcd21c5c9a2794a;AWyxHTh4cpg;10000000000.0;False;0;False
dc0943f1c6da488f81007f5f8adac2a0;q95ZKqE5dfU;10000000000.0;False;0;False
a0ab5a2c59fd4466a40c9050ce7eff1c;exEeS19Mzq4;10000000000.0;False;0;False
38730053c0d04903896373554f82b593;qjzrGBwmKeE;10000000000.0;False;0;False
9e2f201ce85d4ab090e448e15bfa8395;x55doVYxwbQ;10000000000.0;False;0;False
4f37c61c75a94b088a67a79137cb8dde;56hqrlQxMMI;10000000000.0;False;linear;False
e483c96ea17f472b82c119f4d4afe189;kb5mRBMZbYo;10000000000.0;False;0;False
dd7facb378164ac3a8b19cea36fb5f4a;-RuofuQ7soE;10000000000.0;False;0;False
e5b1de3fc92c4f26ae90949f97744ccf;1vqgSfmykQI;10000000000.0;False;0;False
fed5d5fd61c34ea3a54f586eb8f273cb;8oSwNhX7ER8;10000000000.0;False;0;False
872b798254ce4131874b99eb01367380;mtf7hC17IBM;10000000000.0;False;0;False
b987fd953a06439d9c2788c2802ec2a5;c6uVXJ3x2Sk;10000000000.0;False;linear;False
7d495d24e0ff4178b46dcf07e0867bd8;dqmat-mZqVI;10000000000.0;False;0;False
370420a5a08c40fbb71121781c23f56e;LatorN4P9aA;10000000000.0;False;0.2;False
3f8937291876485dbe48fe74803e8d31;1JYld4Nfqco;10000000000.0;False;0;False
c00e35e0953345e384a73035b360804a;XOzs1FehYOA;10000000000.0;False;0;False
3c34d5e31bba4516bab0cd857e29785a;xC3kCZCPxHY;10000000000.0;False;0;False
c6bba7236fb247449faeb8bf288fda78;PvnlyP9sfHU;10000000000.0;False;0;False
8cf225a9da334e8f92c360a341017e0a;noxsPI-Ip30;10000000000.0;False;0;False
4a2d7946b0594ba586a6d4d3f912ef77;w_rnvmmE5sY;10000000000.0;False;0;False
f3308ce05d534560b9bd470cb1054049;h08pCvyKfbs;10000000000.0;False;0;False
3b46763dbe0a4dbe88d0aecd1887a564;UrnCdEPrGKQ;148.0;False;0;False
669743ea062d4d97a155b6e0b1140e88;eBItb_J7vTg;10000000000.0;False;0;False
31686df954424c8188cd441867521e9c;29l0KtID5nk;10000000000.0;False;0;False
27a1b894be06478faed70b1eef824c18;xoM3SWKKvHQ;201.0;False;0;False
e687d9ae55f04f22b938b1d333a9572f;PnWKehsOXu8;10000000000.0;False;0;False
bde4278870de47069f60441a40594ad0;c-UhmfOTOLI;10000000000.0;False;0;False
5fca2b0444a949bb958add82bdcbff31;ajiDJLW7ME4;10000000000.0;False;0;True
ecd157f8d9ba449690bdfb7c62a7eb9a;4FguJqN5VQw;10000000000.0;False;linear;False
6c1607608133487d9b657cc16e76f655;DVzcQ4_khsM;10000000000.0;False;0;False
05507db30a374a1ab00e35d2e0ed5920;ZAvP8LKMXgA;10000000000.0;False;0;False
c64b36ef897e438f81221a234fc5641d;GmnPZQWyI8k;10000000000.0;False;0;False
fbcb0470b6ef4561abd0fafab2abcef1;PppWJtolihU;10000000000.0;False;0;True
322ce7bba6b14042934a954e4b1128ae;PLPHAzDMVT4;10000000000.0;True;0;False
f61b84e90ad64111b1f5b6ff0652bd5e;q5W5rVH7LMY;10000000000.0;False;0;False
b12ccf222abc419a956d58d006132903;kBqWtdMpies;10000000000.0;False;0;False
847bb881d5684aab9f7be5ab6f614d47;eUT49JWxiz8;10000000000.0;False;0;False
5fbffb9d04a54b6fa5cac023f1a172b6;fX6GsynDN-Y;10000000000.0;False;0;False
1d9a4e277da64f5e840f8a91ed135dc6;tnaYxumRwHY;10000000000.0;False;0;False
2af9d520e2af495e9f8b0daa3398c07f;5muUoLLsl48;10000000000.0;False;0;False
d257dc8cf7bd47329b6be34fdda74dfe;X9tvLrWG1mk;10000000000.0;False;0;False
be6f07a9d8ef4fd0b1ce00b8e27aafbd;wmHTLeOLFp0;10000000000.0;False;0;False
244f33fdccae4f2ab2c0cb8f6ebc4161;YnvxJ0qt6-E;10000000000.0;False;0;False
c53cdb57cee44a9f969cd1d2ce88dba8;Trpp9qIldhQ;10000000000.0;False;0.2;False
6725f3f3d28c4e1fb787ffe7e63b5cb4;E-6-eHXzEHY;10000000000.0;False;0;False
1678e55d4e3b461ea7f53fb224f6d159;Gs0t8LXH6lw;10000000000.0;False;0;False
69bf59fd301240a290d6c48f4b9a72f5;ld1wQXxO1Ow;10000000000.0;False;0;False
95432690e3f145cab0e99f741707f5d5;nXE_DOn4xXs;10000000000.0;False;0;False
f047c0a0bb7d4395be278dc5f16b2f1c;qM0zINtulhM;10000000000.0;False;0;False
e70e772cda60450ca1b31b79a49215b6;iykEwEavCP4;10000000000.0;False;0;False
3066b4b507cd436da28a36fa7beb93ab;FFWVjdS1Kz4;10000000000.0;False;0;False
21e23e568a1c4a91812384e056db19a6;31hNBTF4RZY;10000000000.0;False;0;False
e7617b1f9eac47a0bed1449f2fd376e0;pAgnJDJN4VA;10000000000.0;False;0;False
3d09b1d6e08541d180b051fd59d38412;vDlXjJGDt2A;10000000000.0;False;0;False
7d545305bf2442a19d0eef32f5cc3448;20gZyQEACo0;10000000000.0;False;0;False
4cde5342f9c249d889bbfa8f9c8e41f3;Q-sQklvpDhA;10000000000.0;False;0;False
8f4bfa93c6784b39836c7f7931d5e7b9;2--3DBOTUDU;10000000000.0;False;0;False
06821bc4f9414a5d8df3d21825708699;GG4aNiGswNQ;10000000000.0;False;0;False
b6b0fb46e9af4689adc5b8d2157b1a31;cZAXJBUhOFg;129.0;False;0;False
76488043d548408e8806662d404f7732;eHQG6-DojVw;10000000000.0;False;0;False
678d1556f0a340fb963790afd0ac6672;yIfonkjmnb8;10000000000.0;False;0;False
7187c1888eb14d56b6ca028d135332f2;v_OHJxN9C1Y;10000000000.0;False;0;False
53815494222d46a094534e971d4b7e3f;aiWmWTuA4Vw;203.0;False;0;False
dec85e5447764b0780eb26ae30000e40;XnDo0O_eY1w;10000000000.0;False;0;False
077bc3111290439c9baf1f37bf5adaac;XAzXOObprQo;10000000000.0;False;0;False
81f63b05eeb84099a530c93990c9ee04;trgtm5kx6ME;10000000000.0;False;0;False
09136b071af84fb084ef9be4c430a84c;vhG8zC4npsE;10000000000.0;False;0;False
1f43a2fb6991461a861ed6754cdfeca5;zhOB2-gULds;10000000000.0;False;0;False
67fe39b527f34464bdec2c173f937ccb;PTFwQP86BRs;10000000000.0;False;0;False
8bb3a4d27f2f4f8fa8d78e2fd80f7f1e;llYN039ixy8;10000000000.0;False;0;False
8cd107d68c2f4c46a195cf43dc9fd1c3;wqqnxEmSOB4;10000000000.0;False;0;False
e728fc092ec344b8aa9250bcd677fc66;JSehwTSHd_8;10000000000.0;False;0;False
885a9a1bb0e54fb7b06ef621a3b96f36;aIoZ1VY-Xnc;10000000000.0;False;0;False
faf8e10e35134c469de6c408a8384a73;4rlbJzMoxXE;10000000000.0;False;0;False
95ad0d3f407344d8bf6eb96527d8f2f6;X8KL_kUr_ts;10000000000.0;False;0;False
e66bebae85d8407ab8e83183bfe3e37a;2ZdmaIbHx98;10000000000.0;False;0;False
33c47e7ba59749dc83bca7fc29bcb509;JNX0-tCfpCk;195.0;False;0;False
bbcf72492fc64acf940235390a7f98f2;mGFS5is4lD0;10000000000.0;False;0;False
f15e4d5f5e094dc18777bc2936d60299;KBIlIncyUkI;10000000000.0;False;0;False
d187206c548149fa9d392ef5b00d6c49;PL6jwxw9T3c;10000000000.0;False;0;False
5fda05c95c0d4ceb9d0233e3cfbf10fc;P9BfvPjsXXw;10000000000.0;False;linear;False
7125f73578f3444989998c0c62b8bbb8;Uwelrtb8Oho;10000000000.0;False;0;False
985c7ac5ce2543a4ba6e648b1d818f46;9BNOl5njHRY;10000000000.0;False;0;False
09e9821a12e6476584b3b21b57894f3f;ixxcR48Ci3E;10000000000.0;False;0;False
d914203fd1ba4e52b1a2f237f2daea59;tDwlnFJchE8;10000000000.0;False;0;False
4f55f69290cc4f01b4452f9a89a89f7a;OQHtHowsRC4;10000000000.0;False;0;False
32048c0ab37946d6944a8e434b11d964;_tTtPWvymDk;10000000000.0;False;linear;False
9139254d1adf480c9ab51d23e0c92737;f61wTPltkZY;284.0;False;0;False
acffe357dbce4f49a6edc34d75601642;YC6rnpdYcJE;168.0;False;0;False
01eed16e6fe54c5bb6df261c3bdc3e81;RsQXVJOgvNY;10000000000.0;False;0;False
72595a01752c4a7fb638d02763cf04cc;3ItUNp_Qo9A;10000000000.0;False;0;False
1103955fb52a4f4686ac5cd8122505bc;PT02Uqq40O4;10000000000.0;False;0;False
27ac083e7dbd4ff1b817e4278717b703;AR-WB2uzJ_Y;10000000000.0;False;linear;False
6d972913985044feb0196da8c8181f76;1TS_DGvQUiY;10000000000.0;False;0;False
ff23c98ef131423f8c183476d543d3d2;uLSLQPQxlU4;10000000000.0;False;linear;False
558e8ce6bcea4fea85486e63013b9532;GZnEfmEFeHw;80.0;False;0;False
0181480d585b4c699da2da225402ce29;Z3Pb3EJY5Qg;10000000000.0;False;0;False
fc7c4ccccd814881bbf13431a7895c6e;883yQqdOaLg;10000000000.0;False;0;False
fc59daf6034745b68b8fc500bf696603;7s6VbOEnsgk;10000000000.0;False;0;False
5131384bb71545f0b8df2568536dd4bf;nJAjOlp4Tas;10000000000.0;False;0;False
61030bcafdf34960961a78e51fe71b40;wh-07BzfgYY;10000000000.0;False;0;False
717ab09f7a4f4e0d847aca0d68c54466;nvHhT3m-85I;10000000000.0;False;0;True
16355e124b41495c87c37bebb56d0e16;yQQBnfIM8aE;146.0;False;0;False
b1dbe40183b743818a3c5fd6e7cee8ea;00eUebsh68M;10000000000.0;False;0;False
3487058bd14347baa2da2972377a2030;aB0LJYtwtow;10000000000.0;False;0;False
223f0c38485e4d69adbffd4773d07819;eeC14HBYU-Q;10000000000.0;False;0;False
f7cca3348dd24b30983c3ac349a072cf;leeRwDGojmM;10000000000.0;False;0;False
f47fe77b965c44798f1cad8aa95782c5;X4bgXH3sJ2Q;10000000000.0;False;0;False
da18783bf4574e638148edd53fce3238;xDGbi1i8aBM;0.0;False;0;False
9b5099134d534b559520890c7062c8e9;8dHbLqChO8M;173.0;False;0;False
a26d9ebe50cc4c239920391c34dda325;0zRIH7Bnlvo;180.0;False;0;False
0474d14c23ea49668deebabfb4959be4;-TuXJTxPcd0;10000000000.0;False;0;False
9888c4ecffa94a08a28e3978c464efdd;KEQogizNEGs;10000000000.0;False;0;False
774892966c004796856eff24c466e248;3JJTdVrtaVs;0.0;False;0;False
84e51611758b48f6b6ad084a881551b4;2cuEXBjHyhg;10000000000.0;False;0;False
3de5710cc2144c07915946c84b6f5a92;QvbEkFVRRjk;10000000000.0;False;0;False
765d9ca72464462493200ae8de4f8421;cvDkryqHoHE;10000000000.0;False;0;True
56aad0bce20c4cdba1277d993b682b2e;537v5Avw_mU;10000000000.0;False;0;False
9bc43ba4f07c4b28b64772fb1f7583f1;DbVz0jP722g;10000000000.0;False;0;False
f1f919ba11344017bcfcf0e6c58937dc;sSwdqyurF3U;10000000000.0;False;0;False
befaf1c2deaa40e6981883c8a97ec9b1;yCpKQjqb8Y4;10000000000.0;False;0;False
14fda61af468408a80c1c2ef35ba926a;7PneOwzMz4M;10000000000.0;False;0;False
ef6c2449e13b439d83f3d2668edde2df;Osz-GQbX37o;10000000000.0;False;0;False
cf6f76943b9a4356970f6f85e2d1a09d;MjGH7UAyhXk;140.0;False;0;False
85efa060214a405c9e58795a6c968792;Z4q_MZ7CRvI;10000000000.0;False;0;False
23282ddb9d274365b21d301ecb2d93fa;MFH_u7rDFBw;10000000000.0;False;0;False
ea744f099acc43b8952c703c82083436;50rlHVe6g9Q;10000000000.0;False;0;False
37f510721758466590fe2d1a48e74353;p_6GYfSea5Y;10000000000.0;False;0;False
5ebccbec25784d4bb9fa77cf1c7d6699;iDhx2eJVr4M;142.0;False;0;False
1673f1e942c64cfd89d30fcfdc3106ec;oiBr33_FCAA;10000000000.0;False;0;False
10cfbbe223e94499afbc5725420b5127;8lwPbnv3aWo;170.0;False;linear;False
6834467151944fb1b5094011ae5e3bfb;EcBLScCg83E;10000000000.0;False;0;False
bdd3b7316c154607905a5bfd8693ad08;IlV7RhT6zHs;10000000000.0;False;0.2;False
f0db1df05d7940e69af522dff0f0b949;zzNH_KjIZkc;10000000000.0;False;0;False
304eb2d1229b41d09607c992f5f52969;ZaA0IctGTDw;10000000000.0;False;0;False
8147d5b5f59f428e955476c2ef06df21;iYFz4pKclyA;10000000000.0;False;0;False
913cd0f20a664d0b9bf2bb3e9e1eb336;h5SjgIMISdY;140.0;False;0;False
0f9506631298421ea1b75d095a7f757f;gk2NRjhSneU;10000000000.0;False;0;False
e7e1cbabe35748ea99862e649351aeac;XpbX3p-XS1Q;10000000000.0;False;linear;False
fe20084b6542468b9d81a0b7fd3ec79e;90yd5jmSr-k;10000000000.0;False;0;False
ec9eeac930ca4770a4a09a380eed1c49;aBcCtzI7qqY;157.0;False;0;False
5b17f5220cac4ea0abd3030f4bf61bf9;7Y87tIALd08;202.0;True;0;False
210bd7e4cb0f4f6e986838fb81494815;cMuGFWBDZis;156.0;False;0;False
62f5e7aa604b4eb0b6555b673a547271;Hyk-Vdd_Qrk;10000000000.0;True;0;False
ab9924db7c6944fdad88c247369cae55;0t3ldFYTNIQ;10000000000.0;False;0;False
ba45e46e5f4c4cffb0bac7a15b3d8be6;zIOVMHMNfJ4;212.0;False;0;False
fb11ab318a83472aac0b1d90403007fe;wGAKkysp0Kg;10000000000.0;False;0;False
c4d88cd8593145d29a26fed40c9fa39e;QBFhhRMp-2Q;10000000000.0;False;0;False
0bbe80b6c1414de19813afe3d2372df2;QzGGvGOIAJ4;185.0;False;0;False
93d7945faac84b10b6393a39e1850733;7HLYqbP5_TA;219.0;False;0;False
5ced1e10e6674ce4820364a37b53589e;9fmlZH7zWOY;0.0;False;0;False
add53be91ba843c29e57198ab60b24fe;ms0C3mrVrGI;10000000000.0;False;0;False
c04a1fb7383c40d2a1ea093b4d51a8d6;8Kclp4eV8p0;90.0;False;0;False
4a20c99d4ef7416189eec9c2be89e793;ZsfXRJG61RE;10000000000.0;False;0;True
be631b2c043c42cb8444984c90bb4807;0aN61rAve-8;10000000000.0;False;0;False
0a3cd469757e470389178d44808273ab;2Ws0VfqkhFc;10000000000.0;False;linear;False
8e669e1e3ded4f76a35f9c3d25eefcc6;xN9gUjsMteQ;10000000000.0;False;0;False
bb2e3c83346b4dcf8783d0f47553d7bf;nrLu1DOc1lE;10000000000.0;False;0;False
3785bdecc07445c7a247bcea538a0b75;5AS1iZWJ-9I;10000000000.0;True;0;False
1ea316b852904a77b90ea4a6fd02f12a;UxJIifbfkyI;10000000000.0;False;0;False
5b2a7a61224d455abc51e7cbd09b1163;2Ydx-bZhVe0;10000000000.0;False;0;True
822283a8d6be43b19362e5d5a290360f;jooFywTFGkY;10000000000.0;False;0;False
5a2664a7f642497497585cc1b91a5a93;dur0s9SMxFE;10000000000.0;False;0;False
8d232318c7694dc6b113e7291eb7ba18;dCsZNalcaXM;10000000000.0;False;0;False
1dbe44cc400f48439abbdf496ebdfbca;hY3AnZnOXwE;10000000000.0;False;linear;False
2d9cc89c049d4492b2622159e19e2f91;AJll-eF5zUA;10000000000.0;False;0;False
5e6d3067b0a04c63abd018b54c45125b;DiQRDTxlvk4;10000000000.0;False;0;True
844bb69b44b246e2ab72de7051acf973;VRjU_2Nxzms;10000000000.0;False;0;False
18de37cd48644149839f3b7a0832f1d6;IhyAdeeBTd0;10000000000.0;False;0;False
ee222a4866294ae394ec1661ea524581;SbS2iOlwTTQ;10000000000.0;False;0;False
4f14460ee0ae47808c467bec6a2b601f;skZxb5sBoiU;10000000000.0;False;0;True
b0a42b74adac488fae7b1a8a0805d6ba;0ncqa7iifD8;10000000000.0;False;0;False
32c7b050b8d945409ed789df49d8323b;3V726_HShyY;10000000000.0;False;0;False
bfefeb55ba094a4eaff4f29cfe50bbed;WOyUGK12e58;10000000000.0;False;0;False
bf6466545ff94fce89b8731b6cdb94e2;Ds_vwsTFoLk;10000000000.0;False;0;False
7b9d0166547a40a4b7cd441f60c22baf;4NOYCzRzZIs;10000000000.0;False;0;False
dc0d20f39b34496b8ad52ba81a43b30d;lKsQR72HY0s;10000000000.0;False;0;False
44c8c442005d478fa69eef7147a4efc9;3CT73UEz6OU;10000000000.0;False;0;False
05885e41c2fe497083c45e7e58115886;w09y-W9Erlc;10000000000.0;False;0;False
0338857065ae48ff86c866754fd1aa71;B8NMMXmqteI;10000000000.0;False;0;False
e9efb083d7c745de83d562341631ba15;X063MbTdqxM;10000000000.0;False;0;False
a8a0c0af83134c6b8eeaa121e5cfef49;n5EeAIVnLmc;191.0;False;0;False
81af1df835314a868d201d4a553f57bc;XwoGchtXgR4;10000000000.0;False;0;False
1ccd14f4485844b7827b4500bfde4938;w6ujC37ehQI;10000000000.0;False;linear;False
f1aa4d385c5846e4987fffc112b9ebe4;xaQcLtQ6Sto;10000000000.0;False;0;False
c86a9571644c416fb376464d3d7ce334;ohiGATUHjxs;184.6;False;0;False
060b6abb045641b8a319e81b58d3ee89;KCmSWw1gLrs;10000000000.0;False;0;False
c0291bda8f944fd5b2285dfbe32772cc;S4wA7eSG06M;10000000000.0;False;0;False
eb5463eaf46f4f38bdb91ee5ba9001a1;UY8zK4R9oE8;10000000000.0;False;0;False
11e6d4ce3f3b4402a445a325151a3505;Ok9zfly-KmM;10000000000.0;False;0;False
d439f28867d8496f9455b6f7dcb2dfa8;sGN_hkLrF6M;10000000000.0;False;0;False
b88d4742930343d6bdeeb10a91656d0c;Rf1wDU1ZksA;10000000000.0;False;0;False
9bc5fda910ab497fa5fc592ba6458bb0;XHMjXj_jCVE;10000000000.0;False;0;False
16351b8fcdf74705a332de76cd67f36f;uZEe5WqMOQk;10000000000.0;False;0;False
89e967054d2e498284088fd67a13e722;GbBD47TF6Cw;0.0;False;0;False
a5c0054d9bc74b0cabf17c3c33330aeb;WjnbozivsEo;187.0;False;0;False
fae78ca04fd64a0aade0e5aaf143daa2;Nj-03tH6p2w;10000000000.0;False;0;False
07461ecb215d4c8a9822dc285ae53263;I4xpiwT2q9Q;10000000000.0;False;0;False
fd79754743694753947d3bc1d63ec6af;3q7EbuSaD60;10000000000.0;False;0;False
b27ccb8e15a34d5b9b5c17bc9ae24ec4;q_MRhDh61sg;10000000000.0;False;0;False
8b83ab0c4fbd4094a863acc9e2065250;8ozcTqWb0dQ;10000000000.0;False;0;False
f7cedb7028994169979d246c5a3ca7d6;gZvoAa6Ch-U;10000000000.0;False;0;False
b47f173699564d698d7b1e912d52d21f;_cDdMZ2K9o0;10000000000.0;False;0;False
93756cd79e524cd494e3f08661b23193;Bx0Lwn4Kv7U;10000000000.0;False;0;False
43b1a2c0ab334db9ae2e1681cadf7b18;y_C_d5PcxEY;10000000000.0;False;0;False
27f1c67ad02f456b8f1711d22572098e;wPlqahc4zDY;10000000000.0;False;0;False
cfd0ddc087f04da38fe4301069a3b763;DPlZu4mU-XM;10000000000.0;False;0;False
360e75791b4b4839a8d95b58579c565b;4rYJfBfeY0g;10000000000.0;False;0;True
4ca992e0a8f6448ba7fba81300294095;lqmTQnW01qc;10000000000.0;False;0;False
c1553e82ace6477084e9cbb9648d13f1;SScbbZCPzFs;0.0;False;0;False
f3093393b38b4743835e300197aa8f03;7I9sqR05uYc;10000000000.0;False;0;False
523ac28195cb4f10afcf25c3824d9d34;kijpcUv-b8M;10000000000.0;False;0;False
f949fc44c74f4473b022bef94fad9f22;ACjIiAzkc3c;10000000000.0;False;0.1;False
8f8f5c5a72a0473083d754011bff1acc;Ccs2rt0oSzQ;10000000000.0;False;0.1;False
e799de42ba2e48528e480f6f1787cc92;I8cEKotvkHc;10000000000.0;False;0;False
29910309f24e4757ac4ee8e61520b080;hzs_GXBiBQ0;10000000000.0;False;0;False
e346cf600703490d81693b973ac61940;y3sXH8BweHo;10000000000.0;False;0;True
8b173063e4b448ccbbbee81aa3f9429f;I0sI6eFarFE;10000000000.0;False;linear;False
84b596df6a314e01bf10acfbd0408256;MKVu_CUfwkk;10000000000.0;False;0;False
5ba1ca98575e40cfa3958a89b69fdcda;61AoMeNd8KY;139.0;False;0;False
bc47edab0ffd479b914c904ad661f387;StucTgEPjz4;10000000000.0;False;0;False
13600ffc00c64e5e81a1c694a62e1960;7-7knsP2n5w;10000000000.0;False;0;False
c69b1194a1654c90b8d30d62143b5cff;yKYwxrUfsow;0.0;False;0;False
271126bf806c4a5595732ed54beb6733;uIM7zm7PO8g;10000000000.0;False;0;False
5888919a6d1b42ecbfb01cbe60ddf3b9;HVq6rjWnLi8;10000000000.0;False;0;False
87c6c7a84b9641af885db6cb3f6593cf;IpMkidNsf34;10000000000.0;False;0;False
ac960e82b930457a97f7687bb3ed1007;pdxgTk8UtTA;10000000000.0;False;0;False
051d518626e34f10a39f0d7467a0da3a;4A4QZl8RTU0;10000000000.0;False;0;False
8389239d9a024c38b1b012fba22be2a1;Jqhrc87WNMQ;10000000000.0;False;0;False
761d13426bd544e998fc4a85a088427d;LF0rKW1DEMo;10000000000.0;False;0;False
06a366e5af9c4422b3f35d7a513f1f06;_nkFfIfqq_s;10000000000.0;False;0;False
c523d28188c24a3fa07288ffe35b496f;xxjBHKNSM38;10000000000.0;False;0;False
d918a838296d431ba437e60e8d8c7651;_Jtpf8N5IDE;10000000000.0;False;0;False
7a996b57eadb47708a1af1fb0326d387;xFMdgm_2_EU;10000000000.0;False;0;False
43bec5e849294bfdbbefd88b46b23795;nVIcsj0P7qE;10000000000.0;False;0;False
8a27295298d44305a498e888837c075d;rPRDgKq_akU;10000000000.0;False;0;True
23b4f5722715425a893bdb06a8ea8341;VaRTocPWbhQ;10000000000.0;False;0;False
ec87d0cf9c364fec94ccd857b9a40a64;mNE7IRZT3hw;10000000000.0;False;0;False
e4395fa4e0e64101bf865cbc37a6959f;_fs9JwotIWY;10000000000.0;False;0;False
18c13a96a8c34bf4ba520164cabf9132;u71zWzmGMaM;10000000000.0;False;0;False
47df0f19739944ecb26867ee88c65074;cAFl2D8j8cM;10000000000.0;False;linear;False
d93f0c867db24fad9084fdd177e734f1;dee3RSgUWiM;10000000000.0;False;0;False
55529a61d58840959604d3b2304a86c2;WaBGR3CfLxA;10000000000.0;False;0;False
cab91829feec4306822cdb9a4eddcdae;HvBgRSSlVBA;10000000000.0;False;0;False
bd9875e84818474db6a1a5b0ab23a490;hHDZ5rYiMz0;10000000000.0;False;0;False
d52fe226f3c44d5d917da065cf81e537;Fc6v7OWq5Bk;10000000000.0;False;0;False
02b1ef0126594db5ae34c01520969978;XjQ1smPQJbs;10000000000.0;False;0;False
e2a430496015417380b27844dd05dd5b;QF6xU70O73c;10000000000.0;False;0;False
914882a4c3564bf087d957ed1983c70b;L-iepu3EtyE;10000000000.0;False;0;False
e09b4e1f284a45b6be02c19ff9315b29;HLPVrxYG7x0;10000000000.0;False;0;False
43a3ee52120b448abdea76d8f277eb3b;AITEnEAqmyk;10000000000.0;False;0;False
8a8d7d4986df4aaea2168794c4f20eb1;btNGf_pCeZw;10000000000.0;True;0;False
badfe285a889415aa2acb3ee7f5df77a;ZaeUak_35VU;10000000000.0;False;0;False
8be6e36045514a5ba13ab1bb87dda789;1kAIMlISHhU;10000000000.0;False;0;False
5e52ec26e05644b2a03d292f3d99c061;lyEWNRoiROE;10000000000.0;False;0;False
9bb7999aa38841ba8219c091a3468f11;B4vTwppAfDg;10000000000.0;False;0;False
0e1cbc02a1814ffdb490d0b531f3a4e3;LOcKckBLouM;10000000000.0;False;0;False
ffbfd5b3ebe542858c9e2cf45dd26e10;aP0tf_cvOXY;10000000000.0;False;0;False
8c8543a3d86d4728a4c1f6b1c2d672a1;qdoSy4ROZpg;10000000000.0;False;0;False
8475941fc4aa468bb4d72c3a30914d49;tLJPsHhcEOo;0.0;False;0;False
7b3d22d817844194afb8a6b8e5ea8e0b;zc8hbSM1zVo;10000000000.0;False;0.4;False
392c7464f29c48568e61616423174b13;ZNr2XyEawig;10000000000.0;False;0;False
d7c714d30ec54bfeb3a9e7517e5fe12a;mipc-JxrhRk;10000000000.0;False;0;False
4e07638e58be454f8aecc7492caed3a5;6_oKtZLs2go;10000000000.0;False;0;False
a04f23737bca4306ba9663b487e2e79c;D977uOHVxYA;10000000000.0;False;0;False
95b3c02f55534711b30844f9e4bf564a;ye-MwxuXfeo;10000000000.0;False;linear;False
86e6f24f88484864ae7a9b4cfc70f903;owNv81KIvAQ;10000000000.0;False;0;False
fe06bc28d41144e39afaea2807fbc659;dfioiKIz_7M;10000000000.0;True;0;False
6049d60cc6e6474e84fe570db201a282;VTPXvE6o3LY;10000000000.0;False;0;False
742bb550611f4ec087b8c9e5f01e0b7e;yiEJHOo19CY;10000000000.0;False;0;True
4ccaa94977384cf5b3d0eb1d961c143d;KA9IeEs66_k;10000000000.0;False;0;True
ddbbf1fcacdd465bba1adddd1176242a;ZNr2XyEawig;10000000000.0;False;0;False
3e039af7dc31408e90eea304f8016aef;H3S_7389sRk;0.0;False;0;False
4d49687b23ca46b1a79ee07da6b4b551;wD0Mm6WIcYs;10000000000.0;True;0;False
7f78b39f6b2b4b26a4fdf7aa63055e51;cGUAL_lxrDk;10000000000.0;False;0;False
4152a541da8b4f90a345c46e3cb6a603;Yi52HjJbwVQ;10000000000.0;True;0;False
92c03c9468874ed093310980820dd666;dUQfmIHQqSg;10000000000.0;False;linear;False
407539fdba2349f2b14e64dd65c0c2d4;Ks1hBDYG2oM;10000000000.0;False;0;False
244390d438694e8fa9d7e791f1bfce5b;8bM89wh1Oys;10000000000.0;False;0;False
82159b0624824483b1f2ce225236f098;HGoarkk3CY0;10000000000.0;True;0;False
c6b0ccb3e66b4f6692b645ec7a13720a;fHe7ODJP3pQ;10000000000.0;True;0;False
07914179fc9b455da04187aea9149a49;_VnE5igzeIc;10000000000.0;False;0;False
f692d5d7b28547daa17bbbf9b6aa4fce;6rL_UT2WXwQ;10000000000.0;False;0;False
6b10937e1a5242609375c3b5e354c5d0;tjm3NyQ6DYw;10000000000.0;False;0;False
7b826d5b43c24de3b412f66231463a5e;nqDfzO42epE;10000000000.0;True;0;False
7d4a30019c3540d9968b8277248adf9a;B1vfK-PrW60;237.0;False;0;False
ae666f0371bd4a12950c483c8603b50b;NkDbk-egHH4;10000000000.0;False;0;False
8c64b045cc6d46ae90155715ab552fd1;z1A2Ow7sGo0;10000000000.0;False;0;False
d0efa9769537424a8aa7990b139845fb;5aKa_ek0YP0;0.0;False;0;False
dd54abf9c1754e079041bac41e19f4dd;Mmbgg1xWfOY;10000000000.0;False;linear;False
540cc702c26543b58ea7e7f044e5115f;8I648UZcRJw;10000000000.0;False;0;False
9b6c19670b6341da8aa6b9fdfadc4cce;7vlXbkPaSAo;10000000000.0;False;0;False
ca7457d6d77542efa7b038a74a004625;LVUcz6wPrCs;10000000000.0;False;0;False
a48025bd81a8471b8878515c99b7618e;sYYAv-QW38Q;10000000000.0;False;0.6;False
4a73069a4ac746f69e9ac8de20651123;JWA5hJl4Dv0;10000000000.0;False;-0.7;False
c223049fb0ac492b8bb26ce2f948d8f8;5W4nJRP5n3U;10000000000.0;False;0;False
77c8091f20b149ebb8e5a35bea6df2b5;z5vA9CwZKNY;10000000000.0;False;-0.6;False
38876fd72a9e46119b55f622711e56c6;ZXkk65PdKyM;10000000000.0;False;0;False
65db7426bfc947e0ae9b39c7a78066a8;o3IWTfcks4k;10000000000.0;False;0;False
d5ba7b99b0504baeab289201ba959261;2h7XPx1XJQo;10000000000.0;False;0;False
3ee30e515c07405db114659f1d275f0e;8aV_SSPWlrg;10000000000.0;False;0;False
66b0393826ce41228af0cb1dfa0a76b3;x3-okrcuJs0;10000000000.0;False;0;False
cd7bb62e68cb4b7ba03f338baac0cb4d;pvzliBdl6KE;10000000000.0;False;0;False
b7d248150fe940379f91a4477f824809;QsqNCWOycNw;10000000000.0;False;0;False
f6f72ab9e0b44a89817953e965198433;nZbN_b6P8Ks;10000000000.0;False;0;False
8d79620f74504a419ebff38fb873de5b;MtIibcNDQ6o;10000000000.0;False;0.4;False
beade2c5a766468fa966f1958a6f7942;UDHkkmp5Cb0;10000000000.0;False;0;False
a3c852e4cc8e4341bc5f4fe762454f63;uPudE8nDog0;10000000000.0;False;-0.5;False
59a20f024d3d48109eb91d90ceb00250;WGU_4-5RaxU;10000000000.0;False;0;False
1ba938a437c24766b522e87fffd6b022;XlgQxK-HBGk;10000000000.0;False;linear;False
51a603b7289b40d0985700c419c1182b;dz1K3KEM204;10000000000.0;False;0;False
d6d989f411b144699e4ccfe86e039253;ojC0mg2hJCc;10000000000.0;False;0.4;False
f335f2aba8294e8fb9d3da55a0e49277;fPO76Jlnz6c;10000000000.0;False;linear;False
6bec76a840bc46f99562b63a3cad398e;xuPU1Bn8-d8;10000000000.0;False;0;False
33edfc2211724a05991b33332c30739e;LiAK3AD_HsU;0.0;False;0;False
79285c4660c74446ae994b8eb4d56570;kjAWtouyAlM;10000000000.0;False;0;False
9c92771ee50940d28dee43c821829e8e;YWMywV0fTa8;10000000000.0;False;0;False
4f49d6aa05314327982b44bdc5a205fd;7cRdgIZgobs;10000000000.0;False;linear;False
eed0056f766545fdac75ef27ab3e10ec;ZrKHZms4GJ4;10000000000.0;False;0;False
074d4d5f4caa46a6855dc72f5f3fa0ad;4_XhnHbdqWA;205.0;False;0;False
fd3157ddd8b542b391238923a67f5a0f;2t11CwlG444;10000000000.0;False;0;False
b615533ceecc4b6e9aaf5e8dcedaa5d0;tov22NtCMC4;10000000000.0;False;1.0;False
3b5f6e3e346e4c5ba275ee50e93b8f2d;S8TfefkAmNA;0.0;False;0;False
77f749dd8ef148f5b6a8184e4ddd459a;TBLpMnufspI;10000000000.0;True;0;False
b1d831d790924d42ba0c4ac01a790a7c;6Z3yFUhasqs;235.0;False;0;False
5f13aaa56ef245349368da3339893666;D4Y87uOnDCA;10000000000.0;False;0;False
4eb24fd4a99b495aaccec14ae6df6c01;ZNr2XyEawig;10000000000.0;False;0;False
29ca2b883d7a4a168d9bf5c9de71ddfe;i8yA3NGqumc;132.0;False;0.3;False
f5912ed9fc844ed6b9b83afe5000a526;y5yw3yMfP5E;10000000000.0;False;0;False
e54d6187fa8d42dfb2ba54e778bec4d7;lP__WiVi6fw;231.0;False;linear;False
a1c4076a31fa4e49aac9ea0ab99bc609;I8DsVPqbprQ;10000000000.0;False;0;False
2caa42223edf4f2188e993d39943153f;lWA2Lt4Se40;10000000000.0;False;0;False
fd28463dbadf405cb69d56aceb3ffb8a;hKnXGefZPZA;10000000000.0;False;0;False
81444bb6c8b04549968940ed75a2b49b;GmZg7tvGN9o;10000000000.0;False;0;False
16102fdaaa374ea99d666359980d9630;mGrufrND1m0;126.0;False;0;False
d144944a8235437181b88f5ed855f13d;nWuZMBtrc1E;10000000000.0;False;-0.5;False
ddf67f6eb3ae45e5a432ab037d956b40;bAsA00-5KoI;10000000000.0;False;0.3;False
f04b448bee2844468883d439a5eaf11b;y5YV9imo9dg;10000000000.0;False;0;False
aaf93257c6f4412a91fd4e82c17bfd8f;RdyL23sSlpU;199.0;False;0;False
7f03609713ba4150982ae3ab8c07a341;tjm3NyQ6DYw;10000000000.0;False;0;False
eaaaf40cec584f14a702a88d142bba1c;YOUaFbYu78E;10000000000.0;False;0;True
edd4352e37b8463694c288dc646ad036;pDnlRTcjS7Y;10000000000.0;False;linear;False
371b303fd8a34a0d8e388421b4a1a2e1;-r679Hhs9Zs;10000000000.0;False;linear;False
7b971dbd30fc4a32aa0f3f0a2cedb02d;YWMywV0fTa8;10000000000.0;False;0;False
73e15b36f7ca4e939b0b39a1d70662ae;n_6Kr5e2dYc;10000000000.0;False;linear;False
31e27825a90f4f34b597b17dbd7b4799;0e_HtjZS8SQ;10000000000.0;True;0;False
2b71de75e5fc4252819c0a9e671bc566;WbJNkH-pDd8;10000000000.0;False;0.4;False
866982cc048d47f1a66d4821303a1e41;jpDJ-pvOpEw;10000000000.0;False;0;False
f9f8cfed30b141b1a29ab366a6c6d210;dq9q5PsVvv0;10000000000.0;False;0;True
1fefe6ff7fdd4d748a99a6913f403f91;DoFcaHoPMFA;10000000000.0;False;0;False
aba621b3e8b64a87bfd31be9de62844b;_Z0eling--A;10000000000.0;False;0;False
5970864d4a334d4db417141e9059b4e1;RtczIm5XrNo;10000000000.0;False;-0.5;False
c10a9834b7d94aa6b3b0f1956d0aa495;JI7kqYXoC04;10000000000.0;False;0;False
afcb2de7310a49e8b724cbab959423b1;dEJwW32TeOg;10000000000.0;False;0;False
304bc8e9d5b649848d316bc03c80333f;2BxTwJtpGYA;10000000000.0;False;0;False
e22b7e045dd14dfa9f611221e4387d2c;-ppPMAEqrl4;10000000000.0;False;0;False
d2a20f1dbd074d9eba622332fc41467d;hGRqnNEOpe0;10000000000.0;False;0.5;False
e590c829550c4f99ab064c587e97843b;TSpiwK5fig0;10000000000.0;False;0;False
56d891ba875843979f1b9b9d09b6f335;9rYWSF8TEw4;190.0;False;0;False
414a2bd9203d4a87b9fddbda2bb81b37;rj__jhmPMgI;10000000000.0;False;linear;False
c7a0a57bc6294dbd8c4368a9ffbe5712;e6Hgdic5jls;126.0;False;0;False
afffe1f08ace4c839a295a698d7b0a0d;GjwXhT07yhw;10000000000.0;False;0;False
845d6dd69d294d60b4625fe4cf3b2444;tk8ZRq7uzrk;10000000000.0;False;0;False
24d83e68e7d74b7db7922019ff8733ba;-LZnjW7uBpk;315.0;False;0.2;False
a3263734562b41e9be2429ba929cf2ce;86URGgqONvA;10000000000.0;False;0;False
a5272d4bb13e46bda1bbf177c0b7a822;FfYAWFgbPXo;10000000000.0;True;0;False
af9b51bd8b294f74ac6d5ce24dd8aa90;ViWiOs9XySg;10000000000.0;True;0;False
e66fede2e66f495884e7b3f4d21f27f1;LdsNFDdR3Zc;10000000000.0;False;0;False
61b419318dfe4124b4678cd30ebfe126;SGiig82KlF4;10000000000.0;False;linear;False
73ceaad417ad4289b4454c069288b497;C0yo9XHAsZw;0.0;False;0;False
9789544e0da042988026632285ddb503;VMqWbRGEM7w;172.0;False;0;False
5109405ce70740329760a43052af708a;6fVE8kSM43I;10000000000.0;False;0.7;False
87a01143bea942bc8185c22e7f921bec;oOpwA6rGUR4;10000000000.0;False;0;False
2acf16ed36474f079081aa5b6de3e9fe;2VLgA1-OAKs;10000000000.0;False;0;False
a9852ae5a1ec41158fff129370343f67;3THmhmq_7iY;226.0;False;0;False
878f161aad65484d9b0e700c9bcacd41;c92S1Pnm8EY;10000000000.0;False;0;False
6fbcdb095c1e4f04b74a831f3c27cc0e;hOBiBau8xsI;10000000000.0;False;0;False
40cd490b42144354a9b38a536d867067;LVUcz6wPrCs;10000000000.0;False;0;False
ac435b8004874c8fb05d6166777bd645;GGNRf1Ntoqs;10000000000.0;True;0;False
ab39d6fe0ef74fa39f6b5bbe0159665c;LznFsNMCXTQ;182.0;False;0;False
a6dd12e00bf544e686a0abe26a90c0b7;HnVhQfoOpf0;10000000000.0;False;0;True
f361160e065647368fbcfda46d9a6dc8;_z4rKhBprrM;10000000000.0;False;linear;False
137eb84f331e4ba898ddfc01c4a9c941;naoknj1ebqI;10000000000.0;False;0;False
8e19845456ee489888244a080a3fe164;Buz0nERhZsI;10000000000.0;True;0;False
da6eba5502e34c028ccba541ea8dbdf0;RgKAFK5djSk;10000000000.0;False;0;False
08dffbbd31a44d04853beee7cb520cb9;n2LfN2kFFV8;10000000000.0;False;0;False
c57c4921121f42a2a75096d618215e64;5w142CaROC0;10000000000.0;False;0.3;False
564e726e1c65441583e33630016fe745;gAzcHe8K8G4;10000000000.0;False;0;False
9aa0018416b141769ff06063c7f4db0d;ogoIxkPjRts;278.0;False;0;False
c40fdfac4c5846a7bf1f7d5beb47b58c;gJPcABsojlU;10000000000.0;True;0;False
774e45bcc67a4bf1b6a995c50833ae3f;ugMACy0roCw;10000000000.0;False;0;False
7188d6c2435d4b2eae46f950c680d457;KIYiGA_rIls;10000000000.0;False;-0.6;False
b25d78bbd01c4354b086c41bdb6bbd9f;QMAULOwDY1Q;185.0;False;0;False
e01e209cfd4e4aea8a0d915bc886f20e;Lu_yByUxYn0;10000000000.0;False;0;False
dbc8cd814bfc4d98b537d67066da7bf3;3We6t-Y16Xs;10000000000.0;False;0;False
550490e440ab4b1d85c051b5c27e3a19;5xjVIc_5jPM;10000000000.0;False;0;False
30c1489764bf40efa927c8de7699cf29;yqFz7T5v3iU;10000000000.0;False;linear;False
9621888e9467453885343a68078a3eef;jOFZ2Y4_1Jg;10000000000.0;False;0.6;False
56aa3c631e7440a398f6d1f21e8544f2;v81dELMfuUM;10000000000.0;False;0;False
27834fa602c348ea83ffa4bad70626a6;VU1gN-m_KBE;10000000000.0;False;0;False
75193be434844198ba123af3bf7d44df;6eIbha7xVP4;10000000000.0;False;0;False
55dac72f731d4b29bc1a71754cf64135;ve9pXWN367M;10000000000.0;True;0;False
529c120a555f449cae4e1fe37b77fc56;dYpysTX3HBk;10000000000.0;True;0;False
24f0af35ca3a44a48ba8259b6e96cd79;uOnYY9Mw2Fg;10000000000.0;False;0;False
02b296bbee3c4d5e84be5d2ab5658450;ZyT8mVwf_40;10000000000.0;False;0;False
3070a73f7e38469a8b06526c060192ad;Lgo2Wc6Vj00;10000000000.0;False;0;True
99b4786c8fd344f9a0285de572e0b4b2;6JUbFj0BIc4;10000000000.0;False;0;False
d169ac59d76d4d66bd1224f8c2647fcd;v81dELMfuUM;10000000000.0;False;0;False
e75a78974d664009a6037225994fc573;snsTmi9N9Gs;10000000000.0;False;-0.6;False
abdf6f64d74044cfbce8d10d91bf69b4;aI9lo5BRJmg;10000000000.0;False;0;False
f9e422a80f4d4997a80412b781a6677d;7SIoBTwSBA0;10000000000.0;False;linear;False
b009381d2ed94ea79530c7f1d5e39d05;OrbuDWit1Co;10000000000.0;True;0;False
d87151e2d2994448b9662b22a5730adb;RNE93dieQF4;10000000000.0;False;0;True
